sample,source,group,experiment,treatment_time,n_genes_by_counts,total_counts,n_genes
sci-RNA-C-091.TCTATCGGTA,Human,A549_3h,co_assay,3,522,1156.0,522
sci-RNA-D-058.AAGCATCCTA,Human,A549_0h,co_assay,0,764,1603.0,764
sci-RNA-D-019.ACGATAGACT,Human,A549_3h,co_assay,3,434,897.0,434
sci-RNA-B-055.TCTATCGGTA,Human,A549_3h,co_assay,3,594,1431.0,594
sci-RNA-A-068.TTGCAGCATT,Human,A549_1h,co_assay,1,346,810.0,346
sci-RNA-E-067.TCTAGTCAAG,Human,A549_1h,co_assay,1,336,730.0,336
sci-RNA-D-059.CTCGGAGCAA,Human,A549_3h,co_assay,3,1266,2747.0,1266
sci-RNA-E-044.TCTATCGGTA,Human,A549_3h,co_assay,3,1296,2934.0,1296
sci-RNA-A-033.CGTATTGAGA,Human,A549_3h,co_assay,3,743,1828.0,743
sci-RNA-C-096.AATCCGGTCA,Human,A549_1h,co_assay,1,945,1928.0,945
sci-RNA-E-091.AGCGATCCGC,Human,A549_1h,co_assay,1,601,1429.0,601
sci-RNA-C-039.CGTATTGAGA,Human,A549_3h,co_assay,3,430,919.0,430
sci-RNA-A-050.CCTATCATAA,Human,A549_1h,co_assay,1,419,857.0,419
sci-RNA-E-030.TTCGCTGCCT,Human,A549_1h,co_assay,1,399,833.0,399
sci-RNA-E-089.TGAGACTCTA,Human,A549_3h,co_assay,3,1936,4752.0,1936
sci-RNA-E-024.TCCGCCGGTC,Human,A549_3h,co_assay,3,333,762.0,333
sci-RNA-A-077.GCGGCCAATC,Human,A549_3h,co_assay,3,470,1110.0,470
sci-RNA-E-022.GGCTATTCGA,Human,A549_3h,co_assay,3,309,765.0,309
sci-RNA-A-061.CGTATTGAGA,Human,A549_3h,co_assay,3,911,2167.0,911
sci-RNA-D-001.ATATGCCATC,Human,A549_3h,co_assay,3,431,1015.0,431
sci-RNA-D-083.CGAATCTCCT,Human,A549_3h,co_assay,3,424,890.0,424
sci-RNA-E-035.GGCTCGAGAT,Human,A549_3h,co_assay,3,564,1253.0,564
sci-RNA-C-033.CCATCGGACC,Human,A549_0h,co_assay,0,302,688.0,302
sci-RNA-C-076.ACTCGACGCC,Human,A549_0h,co_assay,0,1789,4671.0,1789
sci-RNA-D-094.TCTATCGGTA,Human,A549_3h,co_assay,3,565,1243.0,565
sci-RNA-E-024.CCTGAGAGCA,Human,A549_1h,co_assay,1,328,714.0,328
sci-RNA-E-061.AAGCATCCTA,Human,A549_0h,co_assay,0,361,867.0,361
sci-RNA-A-059.TTCTATAGAG,Human,A549_1h,co_assay,1,693,1529.0,693
sci-RNA-E-057.CGAATCTCCT,Human,A549_3h,co_assay,3,326,736.0,326
sci-RNA-C-018.TTCTATAGAG,Human,A549_1h,co_assay,1,563,1129.0,563
sci-RNA-B-002.AATCCGGTCA,Human,A549_1h,co_assay,1,642,1478.0,642
sci-RNA-C-047.TCTATCGGTA,Human,A549_3h,co_assay,3,444,970.0,444
sci-RNA-C-005.CTCGGAGCAA,Human,A549_3h,co_assay,3,397,941.0,397
sci-RNA-D-017.CGTATTGAGA,Human,A549_3h,co_assay,3,405,827.0,405
sci-RNA-C-035.TCCGCCGGTC,Human,A549_3h,co_assay,3,458,923.0,458
sci-RNA-A-010.ACGTTGAATG,Human,A549_0h,co_assay,0,600,1344.0,600
sci-RNA-C-006.CGTATTGAGA,Human,A549_3h,co_assay,3,529,1092.0,529
sci-RNA-B-012.CGTCTATGAA,Human,A549_1h,co_assay,1,530,1103.0,530
sci-RNA-A-036.AGGTAGAGCT,Human,A549_1h,co_assay,1,361,882.0,361
sci-RNA-E-092.CTGAAGAGAC,Human,A549_1h,co_assay,1,773,1629.0,773
sci-RNA-A-040.TTCTATAGAG,Human,A549_1h,co_assay,1,452,948.0,452
sci-RNA-C-062.CGTCTATGAA,Human,A549_1h,co_assay,1,350,786.0,350
sci-RNA-E-087.GGACGACGCA,Human,A549_1h,co_assay,1,1233,2706.0,1233
sci-RNA-C-044.CGTCTATGAA,Human,A549_1h,co_assay,1,1623,3510.0,1623
sci-RNA-E-016.GGCGGTTGAC,Human,A549_3h,co_assay,3,533,1230.0,533
sci-RNA-C-053.GGCTGCCTTA,Human,A549_0h,co_assay,0,1290,2712.0,1290
sci-RNA-D-020.GGCTATTCGA,Human,A549_3h,co_assay,3,391,907.0,391
sci-RNA-D-002.GCGGAGTCGA,Human,A549_3h,co_assay,3,902,1835.0,902
sci-RNA-D-051.TAGCCAGCAA,Human,A549_3h,co_assay,3,355,784.0,355
sci-RNA-D-052.GGCTGCCTTA,Human,A549_0h,co_assay,0,1349,2855.0,1349
sci-RNA-A-087.ACGCGCTCCT,Human,A549_0h,co_assay,0,304,694.0,304
sci-RNA-B-039.CGTCTATGAA,Human,A549_1h,co_assay,1,563,1324.0,563
sci-RNA-B-042.ACGATAGACT,Human,A549_3h,co_assay,3,495,1110.0,495
sci-RNA-A-076.TCTATCGGTA,Human,A549_3h,co_assay,3,640,1643.0,640
sci-RNA-C-045.ACTGGTAGAT,Human,A549_0h,co_assay,0,813,1767.0,813
sci-RNA-A-047.TTGCAGCATT,Human,A549_1h,co_assay,1,420,1014.0,420
sci-RNA-C-021.TAGAATAGCC,Human,A549_1h,co_assay,1,418,848.0,418
sci-RNA-E-026.TTCGCTGCCT,Human,A549_1h,co_assay,1,492,1000.0,492
sci-RNA-C-007.GGCTATTCGA,Human,A549_3h,co_assay,3,334,730.0,334
sci-RNA-B-013.GGCTATTCGA,Human,A549_3h,co_assay,3,1451,3340.0,1451
sci-RNA-E-064.GACCAATGCG,Human,A549_0h,co_assay,0,1185,2673.0,1185
sci-RNA-A-076.ACGGAGAATA,Human,A549_1h,co_assay,1,620,1528.0,620
sci-RNA-D-073.CGTATTGAGA,Human,A549_3h,co_assay,3,745,1585.0,745
sci-RNA-A-020.TCTATCGGTA,Human,A549_3h,co_assay,3,500,1192.0,500
sci-RNA-A-066.TAGCCAGCAA,Human,A549_3h,co_assay,3,394,881.0,394
sci-RNA-C-044.CGTATTGAGA,Human,A549_3h,co_assay,3,643,1399.0,643
sci-RNA-D-063.TTCGCTGCCT,Human,A549_1h,co_assay,1,435,890.0,435
sci-RNA-E-036.TCCTCTCCGT,Human,A549_3h,co_assay,3,301,631.0,301
sci-RNA-D-041.GGCTTCTGGA,Human,A549_1h,co_assay,1,324,702.0,324
sci-RNA-E-047.TTCTATAGAG,Human,A549_1h,co_assay,1,838,1744.0,838
sci-RNA-A-087.ACGGAGAATA,Human,A549_1h,co_assay,1,590,1425.0,590
sci-RNA-B-003.CTTCATTAGA,Human,A549_0h,co_assay,0,3273,8711.0,3273
sci-RNA-D-076.GGCTCGAGAT,Human,A549_3h,co_assay,3,341,686.0,341
sci-RNA-E-001.CTCGGAGCAA,Human,A549_3h,co_assay,3,977,2252.0,977
sci-RNA-E-005.GGACGACGCA,Human,A549_1h,co_assay,1,1085,2384.0,1085
sci-RNA-A-082.CGTATTGAGA,Human,A549_3h,co_assay,3,969,2274.0,969
sci-RNA-E-052.TCTATCGGTA,Human,A549_3h,co_assay,3,311,741.0,311
sci-RNA-A-001.CGTATTGAGA,Human,A549_3h,co_assay,3,591,1420.0,591
sci-RNA-C-022.GGCTGCCTTA,Human,A549_0h,co_assay,0,404,823.0,404
sci-RNA-B-028.TTCTATAGAG,Human,A549_1h,co_assay,1,425,934.0,425
sci-RNA-E-074.TCTATCGGTA,Human,A549_3h,co_assay,3,563,1309.0,563
sci-RNA-E-038.CTATTAACCA,Human,A549_1h,co_assay,1,887,1872.0,887
sci-RNA-E-018.TAGAATAGCC,Human,A549_1h,co_assay,1,472,997.0,472
sci-RNA-C-089.TGAGACTCTA,Human,A549_3h,co_assay,3,1195,2845.0,1195
sci-RNA-D-088.TTCTCTACTA,Human,A549_1h,co_assay,1,703,1500.0,703
sci-RNA-C-029.CTATTAACCA,Human,A549_1h,co_assay,1,325,687.0,325
sci-RNA-C-052.ACTCGACGCC,Human,A549_0h,co_assay,0,815,2175.0,815
sci-RNA-A-029.TAGCCAGCAA,Human,A549_3h,co_assay,3,329,814.0,329
sci-RNA-C-016.TCTAGTCAAG,Human,A549_1h,co_assay,1,475,1016.0,475
sci-RNA-A-006.TCTATCGGTA,Human,A549_3h,co_assay,3,500,1220.0,500
sci-RNA-A-041.CCAGGCTCTT,Human,A549_1h,co_assay,1,320,814.0,320
sci-RNA-D-067.GGCTTCTGGA,Human,A549_1h,co_assay,1,768,1609.0,768
sci-RNA-E-040.TTGATATGAA,Human,A549_0h,co_assay,0,726,1715.0,726
sci-RNA-D-002.TTCGCTGCCT,Human,A549_1h,co_assay,1,337,696.0,337
sci-RNA-B-057.TCTATCGGTA,Human,A549_3h,co_assay,3,540,1172.0,540
sci-RNA-A-091.CGAATCTCCT,Human,A549_3h,co_assay,3,388,930.0,388
sci-RNA-E-075.CTGAAGAGAC,Human,A549_1h,co_assay,1,362,765.0,362
sci-RNA-E-004.TGAGACTCTA,Human,A549_3h,co_assay,3,1320,3060.0,1320
sci-RNA-A-021.ATATGCCATC,Human,A549_3h,co_assay,3,471,1164.0,471
sci-RNA-E-095.CTGAAGAGAC,Human,A549_1h,co_assay,1,687,1367.0,687
sci-RNA-C-053.ATATGCCATC,Human,A549_3h,co_assay,3,406,853.0,406
sci-RNA-A-076.AGGTAGAGCT,Human,A549_1h,co_assay,1,788,1715.0,788
sci-RNA-C-067.TCTATCGGTA,Human,A549_3h,co_assay,3,566,1245.0,566
sci-RNA-A-035.GGACGACGCA,Human,A549_1h,co_assay,1,966,2375.0,966
sci-RNA-D-062.CTGGTTGGTT,Human,A549_0h,co_assay,0,435,882.0,435
sci-RNA-E-096.AATCGAACTC,Human,A549_1h,co_assay,1,1748,3776.0,1748
sci-RNA-A-026.CCTAAGCGGT,Human,A549_0h,co_assay,0,411,1020.0,411
sci-RNA-E-080.TGAGACTCTA,Human,A549_3h,co_assay,3,1450,3289.0,1450
sci-RNA-E-055.GGATTCTATC,Human,A549_1h,co_assay,1,363,783.0,363
sci-RNA-E-039.TAGCCAGCAA,Human,A549_3h,co_assay,3,307,733.0,307
sci-RNA-E-038.TTCTCTACTA,Human,A549_1h,co_assay,1,400,884.0,400
sci-RNA-C-082.GCGGTTATTG,Human,A549_0h,co_assay,0,384,842.0,384
sci-RNA-D-088.AAGTACGTTA,Human,A549_3h,co_assay,3,637,1371.0,637
sci-RNA-A-047.TGAGACTCTA,Human,A549_3h,co_assay,3,731,1986.0,731
sci-RNA-C-014.AATCCGGTCA,Human,A549_1h,co_assay,1,383,789.0,383
sci-RNA-E-019.CGTATTGAGA,Human,A549_3h,co_assay,3,494,1096.0,494
sci-RNA-D-052.TTGATATGAA,Human,A549_0h,co_assay,0,962,1963.0,962
sci-RNA-A-068.GATTCCGGAA,Human,A549_0h,co_assay,0,413,993.0,413
sci-RNA-A-047.CCTAAGCGGT,Human,A549_0h,co_assay,0,358,905.0,358
sci-RNA-E-073.CGTATTGAGA,Human,A549_3h,co_assay,3,771,1722.0,771
sci-RNA-B-003.AAGCATCCTA,Human,A549_0h,co_assay,0,434,1006.0,434
sci-RNA-E-063.CGTCTATGAA,Human,A549_1h,co_assay,1,1448,3440.0,1448
sci-RNA-C-025.CTTCATTAGA,Human,A549_0h,co_assay,0,3052,7203.0,3052
sci-RNA-D-008.GGCTATTCGA,Human,A549_3h,co_assay,3,730,1637.0,730
sci-RNA-D-070.ACTGGTAGAT,Human,A549_0h,co_assay,0,622,1348.0,622
sci-RNA-E-021.AATCGAACTC,Human,A549_1h,co_assay,1,512,1071.0,512
sci-RNA-D-041.ACTCGACGCC,Human,A549_0h,co_assay,0,1193,2390.0,1193
sci-RNA-D-036.ATCTAGGTTC,Human,A549_0h,co_assay,0,317,653.0,317
sci-RNA-E-068.GGCATCTACC,Human,A549_1h,co_assay,1,653,1392.0,653
sci-RNA-E-015.CTATTAACCA,Human,A549_1h,co_assay,1,988,2047.0,988
sci-RNA-B-002.CGTCTATGAA,Human,A549_1h,co_assay,1,669,1544.0,669
sci-RNA-C-029.AATCCGGTCA,Human,A549_1h,co_assay,1,375,780.0,375
sci-RNA-A-078.GGCTGCCTTA,Human,A549_0h,co_assay,0,321,752.0,321
sci-RNA-D-059.TTCTATAGAG,Human,A549_1h,co_assay,1,526,1049.0,526
sci-RNA-E-077.ACGATAGACT,Human,A549_3h,co_assay,3,990,2247.0,990
sci-RNA-A-034.TCTATCGGTA,Human,A549_3h,co_assay,3,389,1005.0,389
sci-RNA-A-021.CCATCGGACC,Human,A549_0h,co_assay,0,1008,2443.0,1008
sci-RNA-C-021.ACGGAGAATA,Human,A549_1h,co_assay,1,358,772.0,358
sci-RNA-A-081.CCAGGCTCTT,Human,A549_1h,co_assay,1,464,1231.0,464
sci-RNA-D-041.GGCTGCCTTA,Human,A549_0h,co_assay,0,2181,4765.0,2181
sci-RNA-D-049.CCATCGGACC,Human,A549_0h,co_assay,0,1111,2275.0,1111
sci-RNA-D-008.CGTATTGAGA,Human,A549_3h,co_assay,3,1688,3588.0,1688
sci-RNA-A-089.CGTCTATGAA,Human,A549_1h,co_assay,1,530,1286.0,530
sci-RNA-E-058.GGCTGCCTTA,Human,A549_0h,co_assay,0,1648,3864.0,1648
sci-RNA-E-070.CCTAAGCGGT,Human,A549_0h,co_assay,0,612,1429.0,612
sci-RNA-E-007.ACTGGTAGAT,Human,A549_0h,co_assay,0,721,1593.0,721
sci-RNA-C-078.TAGCCAGCAA,Human,A549_3h,co_assay,3,831,1836.0,831
sci-RNA-A-081.CCTATCATAA,Human,A549_1h,co_assay,1,494,1092.0,494
sci-RNA-A-091.GGCTGCCTTA,Human,A549_0h,co_assay,0,508,1308.0,508
sci-RNA-B-008.CTTCATTAGA,Human,A549_0h,co_assay,0,1738,4485.0,1738
sci-RNA-A-032.ATATGCCATC,Human,A549_3h,co_assay,3,328,897.0,328
sci-RNA-D-078.CTGAAGAGAC,Human,A549_1h,co_assay,1,323,646.0,323
sci-RNA-C-027.CGTCTATGAA,Human,A549_1h,co_assay,1,463,962.0,463
sci-RNA-D-027.GGCTTCTGGA,Human,A549_1h,co_assay,1,594,1237.0,594
sci-RNA-A-005.CTGGTTGGTT,Human,A549_0h,co_assay,0,1183,2713.0,1183
sci-RNA-C-027.ACGATAGACT,Human,A549_3h,co_assay,3,324,652.0,324
sci-RNA-A-089.CGTATTGAGA,Human,A549_3h,co_assay,3,861,1985.0,861
sci-RNA-E-014.GGCTTCTGGA,Human,A549_1h,co_assay,1,439,998.0,439
sci-RNA-C-093.AGCGATCCGC,Human,A549_1h,co_assay,1,464,1041.0,464
sci-RNA-A-083.CCTATCATAA,Human,A549_1h,co_assay,1,836,1848.0,836
sci-RNA-A-005.CGTATTGAGA,Human,A549_3h,co_assay,3,813,2023.0,813
sci-RNA-A-041.GGCTGCCTTA,Human,A549_0h,co_assay,0,1507,3558.0,1507
sci-RNA-E-044.CGTCTATGAA,Human,A549_1h,co_assay,1,570,1294.0,570
sci-RNA-C-086.CCATCGGACC,Human,A549_0h,co_assay,0,591,1246.0,591
sci-RNA-D-078.GCGGAGTCGA,Human,A549_3h,co_assay,3,576,1239.0,576
sci-RNA-C-011.AATCCGGTCA,Human,A549_1h,co_assay,1,445,912.0,445
sci-RNA-B-015.TCTATCGGTA,Human,A549_3h,co_assay,3,709,1567.0,709
sci-RNA-E-023.CCAGGCTCTT,Human,A549_1h,co_assay,1,445,994.0,445
sci-RNA-E-083.CGAATCTCCT,Human,A549_3h,co_assay,3,371,856.0,371
sci-RNA-E-043.GGCTTCTGGA,Human,A549_1h,co_assay,1,332,730.0,332
sci-RNA-D-050.TTGCAGCATT,Human,A549_1h,co_assay,1,359,739.0,359
sci-RNA-E-034.ATATGCCATC,Human,A549_3h,co_assay,3,348,826.0,348
sci-RNA-A-085.CCTATCATAA,Human,A549_1h,co_assay,1,825,1806.0,825
sci-RNA-A-073.ATATGCCATC,Human,A549_3h,co_assay,3,447,1285.0,447
sci-RNA-A-007.ACGCGCTCCT,Human,A549_0h,co_assay,0,425,1022.0,425
sci-RNA-D-016.CTGGTTGGTT,Human,A549_0h,co_assay,0,449,944.0,449
sci-RNA-B-007.CGTATTGAGA,Human,A549_3h,co_assay,3,1493,3525.0,1493
sci-RNA-E-029.GGCTGCCTTA,Human,A549_0h,co_assay,0,1149,2531.0,1149
sci-RNA-B-047.CTATTAACCA,Human,A549_1h,co_assay,1,483,1056.0,483
sci-RNA-E-041.AATCCGGTCA,Human,A549_1h,co_assay,1,310,699.0,310
sci-RNA-B-062.ACGGAGAATA,Human,A549_1h,co_assay,1,366,840.0,366
sci-RNA-C-061.CGTCTATGAA,Human,A549_1h,co_assay,1,741,1574.0,741
sci-RNA-C-085.GCGGTTATTG,Human,A549_0h,co_assay,0,663,1523.0,663
sci-RNA-D-096.CTATTAACCA,Human,A549_1h,co_assay,1,755,1521.0,755
sci-RNA-D-095.TCTAGTCAAG,Human,A549_1h,co_assay,1,502,1081.0,502
sci-RNA-C-004.GCGGTTATTG,Human,A549_0h,co_assay,0,724,1522.0,724
sci-RNA-E-055.ACTGGTAGAT,Human,A549_0h,co_assay,0,399,914.0,399
sci-RNA-A-030.TAGAATAGCC,Human,A549_1h,co_assay,1,476,1086.0,476
sci-RNA-D-006.GGCTATTCGA,Human,A549_3h,co_assay,3,1342,2928.0,1342
sci-RNA-B-009.TGAGACTCTA,Human,A549_3h,co_assay,3,559,1402.0,559
sci-RNA-B-013.CCTATCATAA,Human,A549_1h,co_assay,1,1161,2395.0,1161
sci-RNA-C-090.GGCTATTCGA,Human,A549_3h,co_assay,3,1866,4263.0,1866
sci-RNA-E-041.ACGGAGAATA,Human,A549_1h,co_assay,1,609,1422.0,609
sci-RNA-E-083.CTTCATTAGA,Human,A549_0h,co_assay,0,3067,7715.0,3067
sci-RNA-E-026.AAGTACGTTA,Human,A549_3h,co_assay,3,403,870.0,403
sci-RNA-E-001.GGCGGTTGAC,Human,A549_3h,co_assay,3,354,763.0,354
sci-RNA-A-010.CCTAAGCGGT,Human,A549_0h,co_assay,0,327,801.0,327
sci-RNA-C-094.GGCTCGAGAT,Human,A549_3h,co_assay,3,599,1260.0,599
sci-RNA-E-061.GCGGTTATTG,Human,A549_0h,co_assay,0,665,1427.0,665
sci-RNA-A-016.AATCCGGTCA,Human,A549_1h,co_assay,1,348,757.0,348
sci-RNA-D-008.CCAGGCTCTT,Human,A549_1h,co_assay,1,629,1399.0,629
sci-RNA-D-038.GGCATCTACC,Human,A549_1h,co_assay,1,617,1261.0,617
sci-RNA-A-039.AATCCGGTCA,Human,A549_1h,co_assay,1,434,958.0,434
sci-RNA-A-095.CCTATCATAA,Human,A549_1h,co_assay,1,392,844.0,392
sci-RNA-C-040.ACGCGCTCCT,Human,A549_0h,co_assay,0,302,695.0,302
sci-RNA-D-003.AATCGAACTC,Human,A549_1h,co_assay,1,436,840.0,436
sci-RNA-E-007.ACGATAGACT,Human,A549_3h,co_assay,3,575,1290.0,575
sci-RNA-E-001.AGCGATCCGC,Human,A549_1h,co_assay,1,775,1855.0,775
sci-RNA-B-062.ACGTTGAATG,Human,A549_0h,co_assay,0,330,887.0,330
sci-RNA-E-083.CGTCTATGAA,Human,A549_1h,co_assay,1,841,1932.0,841
sci-RNA-D-036.CTCGGAGCAA,Human,A549_3h,co_assay,3,694,1501.0,694
sci-RNA-E-018.ACTCGACGCC,Human,A549_0h,co_assay,0,621,1300.0,621
sci-RNA-C-002.CCATCGGACC,Human,A549_0h,co_assay,0,805,1778.0,805
sci-RNA-A-039.CCATCGGACC,Human,A549_0h,co_assay,0,573,1403.0,573
sci-RNA-E-002.GGCTCGAGAT,Human,A549_3h,co_assay,3,498,1084.0,498
sci-RNA-A-055.GGCGGTTGAC,Human,A549_3h,co_assay,3,710,1822.0,710
sci-RNA-D-031.TTGATATGAA,Human,A549_0h,co_assay,0,2157,4572.0,2157
sci-RNA-A-022.TGAGACTCTA,Human,A549_3h,co_assay,3,459,1136.0,459
sci-RNA-E-084.AATCGAACTC,Human,A549_1h,co_assay,1,1243,2709.0,1243
sci-RNA-B-011.AAGTACGTTA,Human,A549_3h,co_assay,3,588,1441.0,588
sci-RNA-B-021.GGCTATTCGA,Human,A549_3h,co_assay,3,1661,3970.0,1661
sci-RNA-E-090.TCTATCGGTA,Human,A549_3h,co_assay,3,390,884.0,390
sci-RNA-E-066.CTCGGAGCAA,Human,A549_3h,co_assay,3,458,1100.0,458
sci-RNA-E-052.ACGATAGACT,Human,A549_3h,co_assay,3,538,1215.0,538
sci-RNA-B-009.TCTATCGGTA,Human,A549_3h,co_assay,3,581,1329.0,581
sci-RNA-E-005.TCTATCGGTA,Human,A549_3h,co_assay,3,642,1473.0,642
sci-RNA-D-028.CGAATCTCCT,Human,A549_3h,co_assay,3,414,849.0,414
sci-RNA-C-041.AATCCGGTCA,Human,A549_1h,co_assay,1,396,817.0,396
sci-RNA-B-027.CTCGGAGCAA,Human,A549_3h,co_assay,3,549,1322.0,549
sci-RNA-D-030.GGCTATTCGA,Human,A549_3h,co_assay,3,924,2086.0,924
sci-RNA-E-093.GGCTCGAGAT,Human,A549_3h,co_assay,3,390,814.0,390
sci-RNA-B-019.ATATGCCATC,Human,A549_3h,co_assay,3,457,1049.0,457
sci-RNA-C-029.ATTAACTTAA,Human,A549_3h,co_assay,3,985,2157.0,985
sci-RNA-D-004.ACGGAGAATA,Human,A549_1h,co_assay,1,1008,2128.0,1008
sci-RNA-E-061.TGAGACTCTA,Human,A549_3h,co_assay,3,842,1973.0,842
sci-RNA-D-037.CCTAAGCGGT,Human,A549_0h,co_assay,0,842,1875.0,842
sci-RNA-B-056.TCTATCGGTA,Human,A549_3h,co_assay,3,402,942.0,402
sci-RNA-D-036.AAGTACGTTA,Human,A549_3h,co_assay,3,485,1062.0,485
sci-RNA-C-074.CCAGGCTCTT,Human,A549_1h,co_assay,1,816,1815.0,816
sci-RNA-C-058.ACTCGACGCC,Human,A549_0h,co_assay,0,519,1268.0,519
sci-RNA-D-057.ACGGAGAATA,Human,A549_1h,co_assay,1,522,1098.0,522
sci-RNA-E-066.GGCTATTCGA,Human,A549_3h,co_assay,3,302,666.0,302
sci-RNA-A-041.GGCTCGAGAT,Human,A549_3h,co_assay,3,394,875.0,394
sci-RNA-E-017.GGCTATTCGA,Human,A549_3h,co_assay,3,582,1571.0,582
sci-RNA-E-093.TCTAGTCAAG,Human,A549_1h,co_assay,1,873,1907.0,873
sci-RNA-E-041.GGCTCGAGAT,Human,A549_3h,co_assay,3,333,730.0,333
sci-RNA-B-049.GCGGAGTCGA,Human,A549_3h,co_assay,3,589,1262.0,589
sci-RNA-A-087.GCGGTTATTG,Human,A549_0h,co_assay,0,344,823.0,344
sci-RNA-D-061.GGACGACGCA,Human,A549_1h,co_assay,1,489,1044.0,489
sci-RNA-A-054.TCTAGTCAAG,Human,A549_1h,co_assay,1,558,1210.0,558
sci-RNA-A-007.TGAGACTCTA,Human,A549_3h,co_assay,3,543,1512.0,543
sci-RNA-D-085.ACGATAGACT,Human,A549_3h,co_assay,3,1127,2433.0,1127
sci-RNA-D-006.TTGCAGCATT,Human,A549_1h,co_assay,1,314,689.0,314
sci-RNA-D-056.TAGCCAGCAA,Human,A549_3h,co_assay,3,347,739.0,347
sci-RNA-C-077.ACGGAGAATA,Human,A549_1h,co_assay,1,432,898.0,432
sci-RNA-B-035.TTCTATAGAG,Human,A549_1h,co_assay,1,623,1248.0,623
sci-RNA-C-016.CGTATTGAGA,Human,A549_3h,co_assay,3,826,1815.0,826
sci-RNA-D-077.CTATTAACCA,Human,A549_1h,co_assay,1,1185,2517.0,1185
sci-RNA-B-058.CTTCATTAGA,Human,A549_0h,co_assay,0,1413,3304.0,1413
sci-RNA-B-049.CTATTAACCA,Human,A549_1h,co_assay,1,422,930.0,422
sci-RNA-C-028.ACGGAGAATA,Human,A549_1h,co_assay,1,306,646.0,306
sci-RNA-C-020.TTCTCTACTA,Human,A549_1h,co_assay,1,403,845.0,403
sci-RNA-A-008.ACTGGTAGAT,Human,A549_0h,co_assay,0,408,944.0,408
sci-RNA-E-047.GCGGCCAATC,Human,A549_3h,co_assay,3,370,896.0,370
sci-RNA-B-042.TTCGCTGCCT,Human,A549_1h,co_assay,1,509,1120.0,509
sci-RNA-A-044.AATCGAACTC,Human,A549_1h,co_assay,1,659,1456.0,659
sci-RNA-E-018.CTGAAGAGAC,Human,A549_1h,co_assay,1,822,1801.0,822
sci-RNA-A-088.GGCATCTACC,Human,A549_1h,co_assay,1,801,1551.0,801
sci-RNA-D-079.GCGGTTATTG,Human,A549_0h,co_assay,0,856,1825.0,856
sci-RNA-D-074.TCTCTCATCC,Human,A549_0h,co_assay,0,398,794.0,398
sci-RNA-E-003.AGCGATCCGC,Human,A549_1h,co_assay,1,368,836.0,368
sci-RNA-C-028.ATATGCCATC,Human,A549_3h,co_assay,3,412,931.0,412
sci-RNA-E-046.CGTATTGAGA,Human,A549_3h,co_assay,3,874,2130.0,874
sci-RNA-D-025.CTGGTTGGTT,Human,A549_0h,co_assay,0,385,783.0,385
sci-RNA-A-084.TAGAATAGCC,Human,A549_1h,co_assay,1,408,904.0,408
sci-RNA-E-031.CCTATCATAA,Human,A549_1h,co_assay,1,394,769.0,394
sci-RNA-D-010.GGCTCGAGAT,Human,A549_3h,co_assay,3,324,678.0,324
sci-RNA-D-064.ACGATAGACT,Human,A549_3h,co_assay,3,304,623.0,304
sci-RNA-B-034.ACGTTGAATG,Human,A549_0h,co_assay,0,1044,2664.0,1044
sci-RNA-B-055.TGAGACTCTA,Human,A549_3h,co_assay,3,1116,3120.0,1116
sci-RNA-A-064.CTCGGAGCAA,Human,A549_3h,co_assay,3,598,1474.0,598
sci-RNA-D-092.AAGTACGTTA,Human,A549_3h,co_assay,3,403,850.0,403
sci-RNA-D-057.ATCTAGGTTC,Human,A549_0h,co_assay,0,344,642.0,344
sci-RNA-B-037.TTGATATGAA,Human,A549_0h,co_assay,0,937,2320.0,937
sci-RNA-D-094.TGAGACTCTA,Human,A549_3h,co_assay,3,1254,2637.0,1254
sci-RNA-A-015.CTCGGAGCAA,Human,A549_3h,co_assay,3,642,1552.0,642
sci-RNA-C-048.GGCTGCCTTA,Human,A549_0h,co_assay,0,476,1043.0,476
sci-RNA-B-023.ACGTTGAATG,Human,A549_0h,co_assay,0,515,1239.0,515
sci-RNA-D-068.TTCTATAGAG,Human,A549_1h,co_assay,1,439,855.0,439
sci-RNA-A-046.GGCTATTCGA,Human,A549_3h,co_assay,3,1286,3733.0,1286
sci-RNA-B-040.ACGATAGACT,Human,A549_3h,co_assay,3,472,1053.0,472
sci-RNA-C-091.ACTGGTAGAT,Human,A549_0h,co_assay,0,914,1967.0,914
sci-RNA-B-006.TCTATCGGTA,Human,A549_3h,co_assay,3,405,867.0,405
sci-RNA-C-050.AATCCGGTCA,Human,A549_1h,co_assay,1,423,883.0,423
sci-RNA-E-070.GCGGAGTCGA,Human,A549_3h,co_assay,3,436,975.0,436
sci-RNA-C-018.ATATGCCATC,Human,A549_3h,co_assay,3,860,1947.0,860
sci-RNA-A-020.AAGCATCCTA,Human,A549_0h,co_assay,0,544,1370.0,544
sci-RNA-D-091.ACGCGCTCCT,Human,A549_0h,co_assay,0,608,1343.0,608
sci-RNA-A-091.ATCTAGGTTC,Human,A549_0h,co_assay,0,303,695.0,303
sci-RNA-E-035.GGCATCTACC,Human,A549_1h,co_assay,1,733,1492.0,733
sci-RNA-A-018.ACGTTGAATG,Human,A549_0h,co_assay,0,964,2444.0,964
sci-RNA-C-052.GGCTTCTGGA,Human,A549_1h,co_assay,1,314,637.0,314
sci-RNA-C-036.GGCGGTTGAC,Human,A549_3h,co_assay,3,867,1839.0,867
sci-RNA-A-022.CCTATCATAA,Human,A549_1h,co_assay,1,306,655.0,306
sci-RNA-A-021.GGACGACGCA,Human,A549_1h,co_assay,1,815,1905.0,815
sci-RNA-C-004.CTATTAACCA,Human,A549_1h,co_assay,1,444,927.0,444
sci-RNA-D-095.ACTCGACGCC,Human,A549_0h,co_assay,0,1445,3635.0,1445
sci-RNA-A-095.CCATCGGACC,Human,A549_0h,co_assay,0,664,1714.0,664
sci-RNA-B-049.ACGGAGAATA,Human,A549_1h,co_assay,1,517,1108.0,517
sci-RNA-D-007.TCTATCGGTA,Human,A549_3h,co_assay,3,1016,2188.0,1016
sci-RNA-A-070.CGTCTATGAA,Human,A549_1h,co_assay,1,435,969.0,435
sci-RNA-E-037.GGCTATTCGA,Human,A549_3h,co_assay,3,884,2271.0,884
sci-RNA-D-054.CCATCGGACC,Human,A549_0h,co_assay,0,313,687.0,313
sci-RNA-E-090.AATCCGGTCA,Human,A549_1h,co_assay,1,383,817.0,383
sci-RNA-E-027.GGCTCGAGAT,Human,A549_3h,co_assay,3,577,1280.0,577
sci-RNA-B-039.CTATTAACCA,Human,A549_1h,co_assay,1,516,1133.0,516
sci-RNA-A-006.TCTAGTCAAG,Human,A549_1h,co_assay,1,361,884.0,361
sci-RNA-E-033.ATTAACTTAA,Human,A549_3h,co_assay,3,379,830.0,379
sci-RNA-D-013.ACTGGTAGAT,Human,A549_0h,co_assay,0,1049,2288.0,1049
sci-RNA-E-049.TCCGCCGGTC,Human,A549_3h,co_assay,3,466,977.0,466
sci-RNA-E-015.GGCGGTTGAC,Human,A549_3h,co_assay,3,319,729.0,319
sci-RNA-D-069.ACGATAGACT,Human,A549_3h,co_assay,3,748,1627.0,748
sci-RNA-C-057.AATCGAACTC,Human,A549_1h,co_assay,1,1490,2942.0,1490
sci-RNA-B-013.TTGCAGCATT,Human,A549_1h,co_assay,1,331,741.0,331
sci-RNA-A-040.CTCGGAGCAA,Human,A549_3h,co_assay,3,337,761.0,337
sci-RNA-A-062.GCGGTTATTG,Human,A549_0h,co_assay,0,1422,3406.0,1422
sci-RNA-C-090.CGTATTGAGA,Human,A549_3h,co_assay,3,542,1208.0,542
sci-RNA-E-029.ACTCGACGCC,Human,A549_0h,co_assay,0,1310,2890.0,1310
sci-RNA-C-062.CCTATCATAA,Human,A549_1h,co_assay,1,748,1511.0,748
sci-RNA-A-037.TGAGACTCTA,Human,A549_3h,co_assay,3,1155,2805.0,1155
sci-RNA-C-009.GGCTATTCGA,Human,A549_3h,co_assay,3,1824,4028.0,1824
sci-RNA-D-030.GGCGGTTGAC,Human,A549_3h,co_assay,3,851,1728.0,851
sci-RNA-D-034.CGTCTATGAA,Human,A549_1h,co_assay,1,589,1255.0,589
sci-RNA-B-057.GGCTATTCGA,Human,A549_3h,co_assay,3,674,1569.0,674
sci-RNA-B-043.CTTCATTAGA,Human,A549_0h,co_assay,0,954,2453.0,954
sci-RNA-C-018.ACGCGCTCCT,Human,A549_0h,co_assay,0,358,766.0,358
sci-RNA-A-063.CCAGGCTCTT,Human,A549_1h,co_assay,1,448,1121.0,448
sci-RNA-B-050.GACCAATGCG,Human,A549_0h,co_assay,0,705,1583.0,705
sci-RNA-A-048.AATCCGGTCA,Human,A549_1h,co_assay,1,1040,2512.0,1040
sci-RNA-B-025.CCATCGGACC,Human,A549_0h,co_assay,0,490,1115.0,490
sci-RNA-C-094.CGTATTGAGA,Human,A549_3h,co_assay,3,706,1558.0,706
sci-RNA-A-086.TTGCAGCATT,Human,A549_1h,co_assay,1,359,874.0,359
sci-RNA-E-035.TTGCAGCATT,Human,A549_1h,co_assay,1,572,1285.0,572
sci-RNA-C-070.GCGGTTATTG,Human,A549_0h,co_assay,0,854,1886.0,854
sci-RNA-D-057.CCAGGCTCTT,Human,A549_1h,co_assay,1,671,1438.0,671
sci-RNA-E-093.GGCTTCTGGA,Human,A549_1h,co_assay,1,458,1069.0,458
sci-RNA-A-024.TCTATCGGTA,Human,A549_3h,co_assay,3,811,2025.0,811
sci-RNA-A-078.AAGCATCCTA,Human,A549_0h,co_assay,0,555,1445.0,555
sci-RNA-A-065.TTCTATAGAG,Human,A549_1h,co_assay,1,355,770.0,355
sci-RNA-D-014.GGACGACGCA,Human,A549_1h,co_assay,1,2278,4848.0,2278
sci-RNA-C-008.TGAGACTCTA,Human,A549_3h,co_assay,3,1203,2534.0,1203
sci-RNA-E-035.ACTCGACGCC,Human,A549_0h,co_assay,0,965,2084.0,965
sci-RNA-C-068.GGCTATTCGA,Human,A549_3h,co_assay,3,611,1374.0,611
sci-RNA-A-004.ACGATAGACT,Human,A549_3h,co_assay,3,323,791.0,323
sci-RNA-E-012.GGCTGCCTTA,Human,A549_0h,co_assay,0,1232,2714.0,1232
sci-RNA-E-025.CGTATTGAGA,Human,A549_3h,co_assay,3,1245,3031.0,1245
sci-RNA-A-016.ATATGCCATC,Human,A549_3h,co_assay,3,655,1684.0,655
sci-RNA-D-002.GGCTGCCTTA,Human,A549_0h,co_assay,0,434,943.0,434
sci-RNA-D-078.AATCGAACTC,Human,A549_1h,co_assay,1,1617,3297.0,1617
sci-RNA-D-024.CCAGGCTCTT,Human,A549_1h,co_assay,1,302,630.0,302
sci-RNA-C-080.GATTCCGGAA,Human,A549_0h,co_assay,0,371,722.0,371
sci-RNA-A-079.TTGATATGAA,Human,A549_0h,co_assay,0,712,1710.0,712
sci-RNA-A-019.CTCGGAGCAA,Human,A549_3h,co_assay,3,723,1698.0,723
sci-RNA-C-065.TAGAATAGCC,Human,A549_1h,co_assay,1,306,606.0,306
sci-RNA-E-032.GGCTATTCGA,Human,A549_3h,co_assay,3,425,986.0,425
sci-RNA-E-071.CTGGTTGGTT,Human,A549_0h,co_assay,0,590,1268.0,590
sci-RNA-E-014.AAGCATCCTA,Human,A549_0h,co_assay,0,553,1325.0,553
sci-RNA-D-050.GGCATCTACC,Human,A549_1h,co_assay,1,787,1531.0,787
sci-RNA-D-075.GCGGCCAATC,Human,A549_3h,co_assay,3,372,741.0,372
sci-RNA-D-096.CGTATTGAGA,Human,A549_3h,co_assay,3,477,970.0,477
sci-RNA-A-095.TAGCCAGCAA,Human,A549_3h,co_assay,3,420,1187.0,420
sci-RNA-A-085.TTCTATAGAG,Human,A549_1h,co_assay,1,397,877.0,397
sci-RNA-B-033.ACGATAGACT,Human,A549_3h,co_assay,3,856,1890.0,856
sci-RNA-D-005.GGCTTCTGGA,Human,A549_1h,co_assay,1,522,1140.0,522
sci-RNA-A-047.ACGGAGAATA,Human,A549_1h,co_assay,1,403,925.0,403
sci-RNA-A-022.ACGTTGAATG,Human,A549_0h,co_assay,0,1103,2686.0,1103
sci-RNA-A-088.CTTCATTAGA,Human,A549_0h,co_assay,0,1223,3245.0,1223
sci-RNA-D-040.GCGGTTATTG,Human,A549_0h,co_assay,0,1685,3613.0,1685
sci-RNA-C-031.TAGCCAGCAA,Human,A549_3h,co_assay,3,851,1849.0,851
sci-RNA-D-075.GGCATCTACC,Human,A549_1h,co_assay,1,608,1216.0,608
sci-RNA-E-076.TTGATATGAA,Human,A549_0h,co_assay,0,1768,4236.0,1768
sci-RNA-D-084.ATATGCCATC,Human,A549_3h,co_assay,3,998,2226.0,998
sci-RNA-E-083.TGAGACTCTA,Human,A549_3h,co_assay,3,950,2223.0,950
sci-RNA-D-019.TCTATCGGTA,Human,A549_3h,co_assay,3,563,1234.0,563
sci-RNA-E-016.ACTCGACGCC,Human,A549_0h,co_assay,0,983,2202.0,983
sci-RNA-A-001.GACCAATGCG,Human,A549_0h,co_assay,0,433,1023.0,433
sci-RNA-C-073.GCGGTTATTG,Human,A549_0h,co_assay,0,1078,2308.0,1078
sci-RNA-B-045.TTGCAGCATT,Human,A549_1h,co_assay,1,527,1198.0,527
sci-RNA-B-024.GGCGGTTGAC,Human,A549_3h,co_assay,3,473,1049.0,473
sci-RNA-D-063.GGACGACGCA,Human,A549_1h,co_assay,1,373,780.0,373
sci-RNA-A-016.TCTATCGGTA,Human,A549_3h,co_assay,3,747,1897.0,747
sci-RNA-A-013.TTGCAGCATT,Human,A549_1h,co_assay,1,548,1344.0,548
sci-RNA-C-070.CGTATTGAGA,Human,A549_3h,co_assay,3,481,1047.0,481
sci-RNA-E-077.ATATGCCATC,Human,A549_3h,co_assay,3,491,1115.0,491
sci-RNA-A-028.CGTATTGAGA,Human,A549_3h,co_assay,3,696,1786.0,696
sci-RNA-B-028.ACGATAGACT,Human,A549_3h,co_assay,3,306,655.0,306
sci-RNA-C-035.CCAGGCTCTT,Human,A549_1h,co_assay,1,476,1034.0,476
sci-RNA-E-001.GGCTTCTGGA,Human,A549_1h,co_assay,1,587,1310.0,587
sci-RNA-B-024.GGCTATTCGA,Human,A549_3h,co_assay,3,2048,4638.0,2048
sci-RNA-C-093.ACTCGACGCC,Human,A549_0h,co_assay,0,1316,3591.0,1316
sci-RNA-D-005.ACTGGTAGAT,Human,A549_0h,co_assay,0,808,1706.0,808
sci-RNA-E-071.CTCGGAGCAA,Human,A549_3h,co_assay,3,772,1774.0,772
sci-RNA-B-006.CCTGAGAGCA,Human,A549_1h,co_assay,1,345,689.0,345
sci-RNA-A-014.CGTATTGAGA,Human,A549_3h,co_assay,3,1073,2382.0,1073
sci-RNA-E-012.CCTAAGCGGT,Human,A549_0h,co_assay,0,691,1543.0,691
sci-RNA-E-064.GCGGAGTCGA,Human,A549_3h,co_assay,3,661,1497.0,661
sci-RNA-A-091.ACTCGACGCC,Human,A549_0h,co_assay,0,373,1444.0,373
sci-RNA-E-070.TTGATATGAA,Human,A549_0h,co_assay,0,612,1444.0,612
sci-RNA-D-054.GGCGGTTGAC,Human,A549_3h,co_assay,3,871,1830.0,871
sci-RNA-E-027.TTGATATGAA,Human,A549_0h,co_assay,0,338,800.0,338
sci-RNA-C-063.AAGTACGTTA,Human,A549_3h,co_assay,3,346,774.0,346
sci-RNA-B-010.CGTCTATGAA,Human,A549_1h,co_assay,1,797,1809.0,797
sci-RNA-D-056.GGATTCTATC,Human,A549_1h,co_assay,1,378,747.0,378
sci-RNA-E-025.TAGCCAGCAA,Human,A549_3h,co_assay,3,370,834.0,370
sci-RNA-E-009.TTGATATGAA,Human,A549_0h,co_assay,0,899,2063.0,899
sci-RNA-E-068.TTGCAGCATT,Human,A549_1h,co_assay,1,909,2006.0,909
sci-RNA-E-061.GGCTATTCGA,Human,A549_3h,co_assay,3,1834,4386.0,1834
sci-RNA-E-065.AGCGATCCGC,Human,A549_1h,co_assay,1,1341,3097.0,1341
sci-RNA-C-074.GGCTCGAGAT,Human,A549_3h,co_assay,3,519,1061.0,519
sci-RNA-A-033.CTCGGAGCAA,Human,A549_3h,co_assay,3,1081,2519.0,1081
sci-RNA-D-026.ACGATAGACT,Human,A549_3h,co_assay,3,725,1428.0,725
sci-RNA-D-050.CGAATCTCCT,Human,A549_3h,co_assay,3,346,715.0,346
sci-RNA-D-044.CTATTAACCA,Human,A549_1h,co_assay,1,725,1518.0,725
sci-RNA-B-031.ACTCGACGCC,Human,A549_0h,co_assay,0,346,1048.0,346
sci-RNA-B-018.TTCGCTGCCT,Human,A549_1h,co_assay,1,401,843.0,401
sci-RNA-B-023.TCTATCGGTA,Human,A549_3h,co_assay,3,493,1182.0,493
sci-RNA-D-063.TGAGACTCTA,Human,A549_3h,co_assay,3,2208,4802.0,2208
sci-RNA-A-096.GGCGGTTGAC,Human,A549_3h,co_assay,3,468,1068.0,468
sci-RNA-C-045.TTGATATGAA,Human,A549_0h,co_assay,0,474,1047.0,474
sci-RNA-C-072.CCAGGCTCTT,Human,A549_1h,co_assay,1,376,764.0,376
sci-RNA-C-087.GGCATCTACC,Human,A549_1h,co_assay,1,606,1229.0,606
sci-RNA-A-068.TCTATCGGTA,Human,A549_3h,co_assay,3,511,1176.0,511
sci-RNA-B-003.GCGGAGTCGA,Human,A549_3h,co_assay,3,901,2118.0,901
sci-RNA-D-055.CGTCTATGAA,Human,A549_1h,co_assay,1,470,1016.0,470
sci-RNA-C-084.GCGGCCAATC,Human,A549_3h,co_assay,3,354,739.0,354
sci-RNA-E-003.ACGTTGAATG,Human,A549_0h,co_assay,0,511,1004.0,511
sci-RNA-A-089.TTCTCTACTA,Human,A549_1h,co_assay,1,586,1399.0,586
sci-RNA-B-006.CCTATCATAA,Human,A549_1h,co_assay,1,1194,2384.0,1194
sci-RNA-D-070.CTGAAGAGAC,Human,A549_1h,co_assay,1,768,1547.0,768
sci-RNA-A-007.GGCTATTCGA,Human,A549_3h,co_assay,3,668,2009.0,668
sci-RNA-E-015.TTCTCTACTA,Human,A549_1h,co_assay,1,1215,2771.0,1215
sci-RNA-B-031.ACGGAGAATA,Human,A549_1h,co_assay,1,659,1555.0,659
sci-RNA-B-059.GGCATCTACC,Human,A549_1h,co_assay,1,446,974.0,446
sci-RNA-E-011.GCGGTTATTG,Human,A549_0h,co_assay,0,492,1136.0,492
sci-RNA-C-007.AATCCGGTCA,Human,A549_1h,co_assay,1,468,986.0,468
sci-RNA-E-070.CGAATCTCCT,Human,A549_3h,co_assay,3,315,715.0,315
sci-RNA-B-027.CCAGGCTCTT,Human,A549_1h,co_assay,1,612,1481.0,612
sci-RNA-C-012.CTCGGAGCAA,Human,A549_3h,co_assay,3,318,687.0,318
sci-RNA-D-048.CCTATCATAA,Human,A549_1h,co_assay,1,509,1053.0,509
sci-RNA-A-091.TGAGACTCTA,Human,A549_3h,co_assay,3,2386,6341.0,2386
sci-RNA-A-002.AATCCGGTCA,Human,A549_1h,co_assay,1,341,812.0,341
sci-RNA-D-063.AGCGATCCGC,Human,A549_1h,co_assay,1,590,1264.0,590
sci-RNA-D-040.AAGTACGTTA,Human,A549_3h,co_assay,3,364,804.0,364
sci-RNA-D-013.TAGCCAGCAA,Human,A549_3h,co_assay,3,325,660.0,325
sci-RNA-C-068.CCTATCATAA,Human,A549_1h,co_assay,1,2923,6141.0,2923
sci-RNA-D-047.GGACGACGCA,Human,A549_1h,co_assay,1,1472,3251.0,1472
sci-RNA-C-061.ACGATAGACT,Human,A549_3h,co_assay,3,555,1216.0,555
sci-RNA-E-024.AATCCGGTCA,Human,A549_1h,co_assay,1,927,2083.0,927
sci-RNA-E-081.ACTGGTAGAT,Human,A549_0h,co_assay,0,557,1270.0,557
sci-RNA-C-012.GGCTATTCGA,Human,A549_3h,co_assay,3,711,1454.0,711
sci-RNA-E-089.CGTATTGAGA,Human,A549_3h,co_assay,3,1244,2855.0,1244
sci-RNA-A-028.ACGATAGACT,Human,A549_3h,co_assay,3,513,1241.0,513
sci-RNA-B-006.ACGGAGAATA,Human,A549_1h,co_assay,1,339,667.0,339
sci-RNA-C-031.TTCTATAGAG,Human,A549_1h,co_assay,1,365,749.0,365
sci-RNA-A-043.TAGAATAGCC,Human,A549_1h,co_assay,1,487,1107.0,487
sci-RNA-A-013.ATATGCCATC,Human,A549_3h,co_assay,3,581,1417.0,581
sci-RNA-D-002.CGTATTGAGA,Human,A549_3h,co_assay,3,501,1131.0,501
sci-RNA-D-069.TCTCTCATCC,Human,A549_0h,co_assay,0,1114,2191.0,1114
sci-RNA-E-078.AAGTACGTTA,Human,A549_3h,co_assay,3,401,1022.0,401
sci-RNA-A-008.GCGGCCAATC,Human,A549_3h,co_assay,3,467,1212.0,467
sci-RNA-A-063.CGTATTGAGA,Human,A549_3h,co_assay,3,469,1084.0,469
sci-RNA-D-029.TGAGACTCTA,Human,A549_3h,co_assay,3,704,1456.0,704
sci-RNA-B-061.ACGTTGAATG,Human,A549_0h,co_assay,0,1577,3851.0,1577
sci-RNA-C-063.TTCTCTACTA,Human,A549_1h,co_assay,1,464,999.0,464
sci-RNA-C-057.GGATTCTATC,Human,A549_1h,co_assay,1,489,999.0,489
sci-RNA-A-029.CGAATCTCCT,Human,A549_3h,co_assay,3,514,1220.0,514
sci-RNA-B-009.CTCGGAGCAA,Human,A549_3h,co_assay,3,910,2105.0,910
sci-RNA-E-037.ACTCGACGCC,Human,A549_0h,co_assay,0,2215,4991.0,2215
sci-RNA-E-062.TCTCTCATCC,Human,A549_0h,co_assay,0,324,683.0,324
sci-RNA-A-014.CCTATCATAA,Human,A549_1h,co_assay,1,501,1085.0,501
sci-RNA-A-064.CCAGGCTCTT,Human,A549_1h,co_assay,1,380,929.0,380
sci-RNA-C-008.GGCATCTACC,Human,A549_1h,co_assay,1,752,1480.0,752
sci-RNA-C-081.CTCGGAGCAA,Human,A549_3h,co_assay,3,508,1088.0,508
sci-RNA-C-095.TTCTATAGAG,Human,A549_1h,co_assay,1,569,1183.0,569
sci-RNA-E-058.TCTATCGGTA,Human,A549_3h,co_assay,3,652,1415.0,652
sci-RNA-A-045.GCGGAGTCGA,Human,A549_3h,co_assay,3,335,761.0,335
sci-RNA-C-020.AATCGAACTC,Human,A549_1h,co_assay,1,1156,2336.0,1156
sci-RNA-C-070.AATCCGGTCA,Human,A549_1h,co_assay,1,372,797.0,372
sci-RNA-A-002.TTCGCTGCCT,Human,A549_1h,co_assay,1,369,812.0,369
sci-RNA-A-034.GACCAATGCG,Human,A549_0h,co_assay,0,533,1321.0,533
sci-RNA-A-007.CGTATTGAGA,Human,A549_3h,co_assay,3,436,1159.0,436
sci-RNA-E-045.CCTATCATAA,Human,A549_1h,co_assay,1,547,1122.0,547
sci-RNA-D-016.CGTATTGAGA,Human,A549_3h,co_assay,3,986,2244.0,986
sci-RNA-A-005.TCTATCGGTA,Human,A549_3h,co_assay,3,1098,2649.0,1098
sci-RNA-E-054.TAGCCAGCAA,Human,A549_3h,co_assay,3,339,800.0,339
sci-RNA-E-029.ACTGGTAGAT,Human,A549_0h,co_assay,0,456,1013.0,456
sci-RNA-B-005.TGCCTAACTT,Human,A549_3h,co_assay,3,304,652.0,304
sci-RNA-E-037.CCAGGCTCTT,Human,A549_1h,co_assay,1,389,884.0,389
sci-RNA-B-032.TTCTCTACTA,Human,A549_1h,co_assay,1,709,1550.0,709
sci-RNA-A-093.GATTCCGGAA,Human,A549_0h,co_assay,0,303,672.0,303
sci-RNA-B-038.ATCTAGGTTC,Human,A549_0h,co_assay,0,375,796.0,375
sci-RNA-E-025.TGAGACTCTA,Human,A549_3h,co_assay,3,750,1725.0,750
sci-RNA-D-071.AAGTACGTTA,Human,A549_3h,co_assay,3,407,882.0,407
sci-RNA-A-014.ACGTTGAATG,Human,A549_0h,co_assay,0,1180,2909.0,1180
sci-RNA-C-011.ACGGAGAATA,Human,A549_1h,co_assay,1,356,738.0,356
sci-RNA-C-032.GATCCAGCGT,Human,A549_3h,co_assay,3,357,782.0,357
sci-RNA-A-084.AAGTACGTTA,Human,A549_3h,co_assay,3,329,862.0,329
sci-RNA-C-071.ACTGGTAGAT,Human,A549_0h,co_assay,0,314,720.0,314
sci-RNA-A-055.CGTCTATGAA,Human,A549_1h,co_assay,1,809,1951.0,809
sci-RNA-E-093.AATCGAACTC,Human,A549_1h,co_assay,1,2565,5419.0,2565
sci-RNA-E-070.ACGCGCTCCT,Human,A549_0h,co_assay,0,712,1629.0,712
sci-RNA-C-081.TCCTCTCCGT,Human,A549_3h,co_assay,3,518,1045.0,518
sci-RNA-E-001.TTCTCTACTA,Human,A549_1h,co_assay,1,382,843.0,382
sci-RNA-C-051.GGATTCTATC,Human,A549_1h,co_assay,1,507,1112.0,507
sci-RNA-D-010.GGCTTCTGGA,Human,A549_1h,co_assay,1,378,809.0,378
sci-RNA-D-039.TTCGCTGCCT,Human,A549_1h,co_assay,1,371,748.0,371
sci-RNA-D-072.ACGGAGAATA,Human,A549_1h,co_assay,1,506,1123.0,506
sci-RNA-E-020.GGACGACGCA,Human,A549_1h,co_assay,1,1491,3401.0,1491
sci-RNA-C-007.TTCTATAGAG,Human,A549_1h,co_assay,1,573,1146.0,573
sci-RNA-E-058.ACGGAGAATA,Human,A549_1h,co_assay,1,417,922.0,417
sci-RNA-E-078.ATATGCCATC,Human,A549_3h,co_assay,3,433,1081.0,433
sci-RNA-A-019.TGAGACTCTA,Human,A549_3h,co_assay,3,782,1917.0,782
sci-RNA-C-021.TTGCAGCATT,Human,A549_1h,co_assay,1,483,1035.0,483
sci-RNA-C-091.TGAGACTCTA,Human,A549_3h,co_assay,3,1197,2886.0,1197
sci-RNA-D-045.GGCGGTTGAC,Human,A549_3h,co_assay,3,679,1523.0,679
sci-RNA-D-014.TCCGCCGGTC,Human,A549_3h,co_assay,3,345,694.0,345
sci-RNA-C-074.CGTCTATGAA,Human,A549_1h,co_assay,1,915,1953.0,915
sci-RNA-D-009.GCGGTTATTG,Human,A549_0h,co_assay,0,560,1179.0,560
sci-RNA-B-042.ATATGCCATC,Human,A549_3h,co_assay,3,455,1151.0,455
sci-RNA-C-081.ACTCGACGCC,Human,A549_0h,co_assay,0,894,2402.0,894
sci-RNA-C-017.TTGCAGCATT,Human,A549_1h,co_assay,1,319,680.0,319
sci-RNA-C-063.CTATTAACCA,Human,A549_1h,co_assay,1,2111,4164.0,2111
sci-RNA-A-076.GCGGTTATTG,Human,A549_0h,co_assay,0,744,1877.0,744
sci-RNA-D-071.CCTAAGCGGT,Human,A549_0h,co_assay,0,552,1146.0,552
sci-RNA-E-084.TAGCCAGCAA,Human,A549_3h,co_assay,3,467,1109.0,467
sci-RNA-A-080.ACTGGTAGAT,Human,A549_0h,co_assay,0,815,2039.0,815
sci-RNA-A-094.GCGGAGTCGA,Human,A549_3h,co_assay,3,312,772.0,312
sci-RNA-B-062.CGTATTGAGA,Human,A549_3h,co_assay,3,770,1747.0,770
sci-RNA-D-061.TGAGACTCTA,Human,A549_3h,co_assay,3,307,625.0,307
sci-RNA-A-050.AAGCATCCTA,Human,A549_0h,co_assay,0,605,1562.0,605
sci-RNA-A-015.TTCGCTGCCT,Human,A549_1h,co_assay,1,376,795.0,376
sci-RNA-A-082.CCTATCATAA,Human,A549_1h,co_assay,1,1510,3105.0,1510
sci-RNA-A-072.CGTATTGAGA,Human,A549_3h,co_assay,3,474,1098.0,474
sci-RNA-B-049.TTCTCTACTA,Human,A549_1h,co_assay,1,543,1261.0,543
sci-RNA-B-044.CGTCTATGAA,Human,A549_1h,co_assay,1,807,1812.0,807
sci-RNA-B-036.AATCCGGTCA,Human,A549_1h,co_assay,1,542,1211.0,542
sci-RNA-E-068.AATCGAACTC,Human,A549_1h,co_assay,1,721,1607.0,721
sci-RNA-C-088.TGAGACTCTA,Human,A549_3h,co_assay,3,1496,3496.0,1496
sci-RNA-C-002.TCTATCGGTA,Human,A549_3h,co_assay,3,1702,3711.0,1702
sci-RNA-D-053.TTCTATAGAG,Human,A549_1h,co_assay,1,402,805.0,402
sci-RNA-A-060.ACGGAGAATA,Human,A549_1h,co_assay,1,434,958.0,434
sci-RNA-E-040.GGCTATTCGA,Human,A549_3h,co_assay,3,1017,2424.0,1017
sci-RNA-A-046.ACGGAGAATA,Human,A549_1h,co_assay,1,302,702.0,302
sci-RNA-C-054.GGCTCGAGAT,Human,A549_3h,co_assay,3,574,1228.0,574
sci-RNA-C-096.GGATTCTATC,Human,A549_1h,co_assay,1,551,1152.0,551
sci-RNA-E-078.CTGGTTGGTT,Human,A549_0h,co_assay,0,455,979.0,455
sci-RNA-D-055.TCTATCGGTA,Human,A549_3h,co_assay,3,698,1476.0,698
sci-RNA-C-051.GGCTTCTGGA,Human,A549_1h,co_assay,1,901,1803.0,901
sci-RNA-D-064.GGATTCTATC,Human,A549_1h,co_assay,1,398,760.0,398
sci-RNA-C-050.CTTCATTAGA,Human,A549_0h,co_assay,0,1957,4510.0,1957
sci-RNA-C-004.CCTATCATAA,Human,A549_1h,co_assay,1,589,1192.0,589
sci-RNA-E-015.TAGCCAGCAA,Human,A549_3h,co_assay,3,560,1227.0,560
sci-RNA-A-060.CCTATCATAA,Human,A549_1h,co_assay,1,534,1069.0,534
sci-RNA-C-060.ACGGAGAATA,Human,A549_1h,co_assay,1,575,1227.0,575
sci-RNA-D-069.AGCGATCCGC,Human,A549_1h,co_assay,1,491,1049.0,491
sci-RNA-E-013.ATATGCCATC,Human,A549_3h,co_assay,3,588,1401.0,588
sci-RNA-B-025.GGCTGCCTTA,Human,A549_0h,co_assay,0,358,845.0,358
sci-RNA-C-045.TCTAGTCAAG,Human,A549_1h,co_assay,1,619,1289.0,619
sci-RNA-C-076.CGTCTATGAA,Human,A549_1h,co_assay,1,871,1903.0,871
sci-RNA-D-030.GGCATCTACC,Human,A549_1h,co_assay,1,843,1719.0,843
sci-RNA-A-003.TTCTCTACTA,Human,A549_1h,co_assay,1,1278,2947.0,1278
sci-RNA-A-009.TTCTATAGAG,Human,A549_1h,co_assay,1,473,978.0,473
sci-RNA-A-094.GTAGATGCGC,Human,A549_1h,co_assay,1,394,1047.0,394
sci-RNA-D-073.ACGGAGAATA,Human,A549_1h,co_assay,1,670,1420.0,670
sci-RNA-E-004.TTGATATGAA,Human,A549_0h,co_assay,0,922,2189.0,922
sci-RNA-D-024.CCTAAGCGGT,Human,A549_0h,co_assay,0,603,1301.0,603
sci-RNA-A-027.GGCTGCCTTA,Human,A549_0h,co_assay,0,359,961.0,359
sci-RNA-E-021.TTGATATGAA,Human,A549_0h,co_assay,0,590,1443.0,590
sci-RNA-B-055.AAGCATCCTA,Human,A549_0h,co_assay,0,540,1276.0,540
sci-RNA-E-094.GTAGATGCGC,Human,A549_1h,co_assay,1,442,1038.0,442
sci-RNA-B-004.GGATTCTATC,Human,A549_1h,co_assay,1,433,937.0,433
sci-RNA-D-093.TGAGACTCTA,Human,A549_3h,co_assay,3,1095,2279.0,1095
sci-RNA-C-025.TCTAGTCAAG,Human,A549_1h,co_assay,1,693,1460.0,693
sci-RNA-C-026.CCTATCATAA,Human,A549_1h,co_assay,1,992,2001.0,992
sci-RNA-D-089.ACTGGTAGAT,Human,A549_0h,co_assay,0,896,1883.0,896
sci-RNA-D-036.TTCTCTACTA,Human,A549_1h,co_assay,1,379,830.0,379
sci-RNA-B-021.GATCCAGCGT,Human,A549_3h,co_assay,3,317,858.0,317
sci-RNA-E-067.GTAGATGCGC,Human,A549_1h,co_assay,1,327,778.0,327
sci-RNA-A-038.TGAGACTCTA,Human,A549_3h,co_assay,3,928,2476.0,928
sci-RNA-C-091.GGCTCGAGAT,Human,A549_3h,co_assay,3,345,725.0,345
sci-RNA-E-013.CCTAAGCGGT,Human,A549_0h,co_assay,0,307,707.0,307
sci-RNA-C-060.CGTCTATGAA,Human,A549_1h,co_assay,1,323,675.0,323
sci-RNA-A-014.ACGATAGACT,Human,A549_3h,co_assay,3,692,1630.0,692
sci-RNA-A-088.CGTATTGAGA,Human,A549_3h,co_assay,3,665,1496.0,665
sci-RNA-E-072.CTTCATTAGA,Human,A549_0h,co_assay,0,1265,3044.0,1265
sci-RNA-D-022.GGCTATTCGA,Human,A549_3h,co_assay,3,2285,5053.0,2285
sci-RNA-B-010.TGAGACTCTA,Human,A549_3h,co_assay,3,929,2080.0,929
sci-RNA-A-078.GGCATCTACC,Human,A549_1h,co_assay,1,840,1862.0,840
sci-RNA-D-006.ACGATAGACT,Human,A549_3h,co_assay,3,524,1169.0,524
sci-RNA-E-096.CGAATCTCCT,Human,A549_3h,co_assay,3,540,1144.0,540
sci-RNA-E-005.GGCTCGAGAT,Human,A549_3h,co_assay,3,519,1128.0,519
sci-RNA-A-026.ACTCGACGCC,Human,A549_0h,co_assay,0,2729,6869.0,2729
sci-RNA-A-078.AGCGATCCGC,Human,A549_1h,co_assay,1,910,2304.0,910
sci-RNA-B-052.ACTCGACGCC,Human,A549_0h,co_assay,0,1743,5208.0,1743
sci-RNA-E-079.ATCCATCAGG,Human,A549_3h,co_assay,3,419,1002.0,419
sci-RNA-B-041.GGCTCGAGAT,Human,A549_3h,co_assay,3,574,1186.0,574
sci-RNA-B-057.ACGTTGAATG,Human,A549_0h,co_assay,0,796,2123.0,796
sci-RNA-B-041.ATATGCCATC,Human,A549_3h,co_assay,3,360,876.0,360
sci-RNA-C-059.ATTAACTTAA,Human,A549_3h,co_assay,3,567,1338.0,567
sci-RNA-C-022.CGTCTATGAA,Human,A549_1h,co_assay,1,709,1554.0,709
sci-RNA-D-078.GGCGGTTGAC,Human,A549_3h,co_assay,3,575,1241.0,575
sci-RNA-E-007.ACTCGACGCC,Human,A549_0h,co_assay,0,1046,2353.0,1046
sci-RNA-E-092.TCTAGTCAAG,Human,A549_1h,co_assay,1,846,1900.0,846
sci-RNA-B-052.CCGCGCAGGT,Human,A549_1h,co_assay,1,417,875.0,417
sci-RNA-D-091.AAGTACGTTA,Human,A549_3h,co_assay,3,980,2142.0,980
sci-RNA-B-020.GTAGATGCGC,Human,A549_1h,co_assay,1,351,756.0,351
sci-RNA-D-051.GGCTCGAGAT,Human,A549_3h,co_assay,3,430,884.0,430
sci-RNA-C-041.CGTCTATGAA,Human,A549_1h,co_assay,1,620,1351.0,620
sci-RNA-B-043.TTCTCTACTA,Human,A549_1h,co_assay,1,389,878.0,389
sci-RNA-C-019.ATCTAGGTTC,Human,A549_0h,co_assay,0,388,779.0,388
sci-RNA-A-026.TTGATATGAA,Human,A549_0h,co_assay,0,1355,3316.0,1355
sci-RNA-B-023.TGAGACTCTA,Human,A549_3h,co_assay,3,491,1145.0,491
sci-RNA-C-096.GGCTATTCGA,Human,A549_3h,co_assay,3,1314,2819.0,1314
sci-RNA-B-054.CGTATTGAGA,Human,A549_3h,co_assay,3,513,1214.0,513
sci-RNA-C-038.CGTATTGAGA,Human,A549_3h,co_assay,3,1149,2516.0,1149
sci-RNA-E-048.ATATGCCATC,Human,A549_3h,co_assay,3,521,1236.0,521
sci-RNA-C-056.AATCGAACTC,Human,A549_1h,co_assay,1,1442,2874.0,1442
sci-RNA-D-029.CTTCATTAGA,Human,A549_0h,co_assay,0,2758,6114.0,2758
sci-RNA-A-052.TGAGACTCTA,Human,A549_3h,co_assay,3,620,1579.0,620
sci-RNA-B-050.ACGATAGACT,Human,A549_3h,co_assay,3,548,1171.0,548
sci-RNA-D-039.CTATTAACCA,Human,A549_1h,co_assay,1,839,1699.0,839
sci-RNA-E-096.GGCGGTTGAC,Human,A549_3h,co_assay,3,878,1950.0,878
sci-RNA-E-088.GGCTATTCGA,Human,A549_3h,co_assay,3,916,2062.0,916
sci-RNA-C-075.GCGGTTATTG,Human,A549_0h,co_assay,0,1036,2185.0,1036
sci-RNA-C-085.TAGCCAGCAA,Human,A549_3h,co_assay,3,312,667.0,312
sci-RNA-B-005.GGCTCGAGAT,Human,A549_3h,co_assay,3,391,831.0,391
sci-RNA-E-084.GCGGCCAATC,Human,A549_3h,co_assay,3,486,1144.0,486
sci-RNA-C-029.TGAGACTCTA,Human,A549_3h,co_assay,3,1007,2142.0,1007
sci-RNA-C-077.CGTCTATGAA,Human,A549_1h,co_assay,1,640,1380.0,640
sci-RNA-D-035.CCTATCATAA,Human,A549_1h,co_assay,1,364,729.0,364
sci-RNA-C-001.ACGGAGAATA,Human,A549_1h,co_assay,1,369,743.0,369
sci-RNA-A-095.TCTAGTCAAG,Human,A549_1h,co_assay,1,368,846.0,368
sci-RNA-C-053.ACTGGTAGAT,Human,A549_0h,co_assay,0,349,741.0,349
sci-RNA-C-015.CTATTAACCA,Human,A549_1h,co_assay,1,494,1031.0,494
sci-RNA-D-038.TTGATATGAA,Human,A549_0h,co_assay,0,868,1878.0,868
sci-RNA-B-048.AGGTAGAGCT,Human,A549_1h,co_assay,1,314,650.0,314
sci-RNA-B-018.CTTCATTAGA,Human,A549_0h,co_assay,0,1614,4096.0,1614
sci-RNA-C-039.ACGATAGACT,Human,A549_3h,co_assay,3,593,1248.0,593
sci-RNA-C-064.AGGTAGAGCT,Human,A549_1h,co_assay,1,444,840.0,444
sci-RNA-E-057.AATCGAACTC,Human,A549_1h,co_assay,1,619,1320.0,619
sci-RNA-D-074.CGTCTATGAA,Human,A549_1h,co_assay,1,508,1044.0,508
sci-RNA-B-007.GGCTATTCGA,Human,A549_3h,co_assay,3,3493,8602.0,3493
sci-RNA-C-014.GACCAATGCG,Human,A549_0h,co_assay,0,461,1000.0,461
sci-RNA-C-062.CTCGGAGCAA,Human,A549_3h,co_assay,3,590,1271.0,590
sci-RNA-A-036.TGAGACTCTA,Human,A549_3h,co_assay,3,647,1657.0,647
sci-RNA-E-031.GGCTATTCGA,Human,A549_3h,co_assay,3,916,2240.0,916
sci-RNA-D-083.CCATCGGACC,Human,A549_0h,co_assay,0,405,845.0,405
sci-RNA-E-066.CCTATCATAA,Human,A549_1h,co_assay,1,1854,3724.0,1854
sci-RNA-D-054.TCTCTCATCC,Human,A549_0h,co_assay,0,420,898.0,420
sci-RNA-D-089.GGCTCGAGAT,Human,A549_3h,co_assay,3,460,964.0,460
sci-RNA-E-049.TGAGACTCTA,Human,A549_3h,co_assay,3,1403,2983.0,1403
sci-RNA-A-062.TTCTCTACTA,Human,A549_1h,co_assay,1,476,1155.0,476
sci-RNA-D-049.ATATGCCATC,Human,A549_3h,co_assay,3,1214,2493.0,1214
sci-RNA-E-074.TGAGACTCTA,Human,A549_3h,co_assay,3,741,1608.0,741
sci-RNA-B-038.CCATCGGACC,Human,A549_0h,co_assay,0,1083,2701.0,1083
sci-RNA-C-057.AAGTACGTTA,Human,A549_3h,co_assay,3,361,763.0,361
sci-RNA-B-043.GGCGGTTGAC,Human,A549_3h,co_assay,3,337,815.0,337
sci-RNA-D-007.CTCGGAGCAA,Human,A549_3h,co_assay,3,359,781.0,359
sci-RNA-E-084.GCGGAGTCGA,Human,A549_3h,co_assay,3,1124,2428.0,1124
sci-RNA-D-001.TTGATATGAA,Human,A549_0h,co_assay,0,1869,4065.0,1869
sci-RNA-B-025.CCTAAGCGGT,Human,A549_0h,co_assay,0,427,1083.0,427
sci-RNA-A-060.GGCGGTTGAC,Human,A549_3h,co_assay,3,342,759.0,342
sci-RNA-E-083.CTATTAACCA,Human,A549_1h,co_assay,1,854,1832.0,854
sci-RNA-D-002.ACTCGACGCC,Human,A549_0h,co_assay,0,3361,7174.0,3361
sci-RNA-A-077.GCGGTTATTG,Human,A549_0h,co_assay,0,690,1605.0,690
sci-RNA-C-086.AATCGAACTC,Human,A549_1h,co_assay,1,1502,3177.0,1502
sci-RNA-A-072.CTCGGAGCAA,Human,A549_3h,co_assay,3,556,1354.0,556
sci-RNA-E-051.GGATTCTATC,Human,A549_1h,co_assay,1,485,1052.0,485
sci-RNA-A-073.AAGCATCCTA,Human,A549_0h,co_assay,0,359,905.0,359
sci-RNA-E-087.GGCTGCCTTA,Human,A549_0h,co_assay,0,605,1341.0,605
sci-RNA-A-011.TTCGCTGCCT,Human,A549_1h,co_assay,1,598,1292.0,598
sci-RNA-D-092.GCGGTTATTG,Human,A549_0h,co_assay,0,989,2080.0,989
sci-RNA-E-073.TTGCAGCATT,Human,A549_1h,co_assay,1,631,1457.0,631
sci-RNA-E-088.CTCGGAGCAA,Human,A549_3h,co_assay,3,752,1733.0,752
sci-RNA-A-058.AAGCATCCTA,Human,A549_0h,co_assay,0,483,1218.0,483
sci-RNA-E-042.AATCGAACTC,Human,A549_1h,co_assay,1,1220,2541.0,1220
sci-RNA-D-041.GCGGTTATTG,Human,A549_0h,co_assay,0,689,1456.0,689
sci-RNA-A-018.TCTATCGGTA,Human,A549_3h,co_assay,3,546,1385.0,546
sci-RNA-D-076.AGCGATCCGC,Human,A549_1h,co_assay,1,1487,3056.0,1487
sci-RNA-C-067.AATCGAACTC,Human,A549_1h,co_assay,1,2943,6124.0,2943
sci-RNA-A-069.AATCCGGTCA,Human,A549_1h,co_assay,1,577,1318.0,577
sci-RNA-C-050.TCTCTCATCC,Human,A549_0h,co_assay,0,543,1110.0,543
sci-RNA-D-070.CCAGGCTCTT,Human,A549_1h,co_assay,1,750,1543.0,750
sci-RNA-A-075.TAGCCAGCAA,Human,A549_3h,co_assay,3,356,848.0,356
sci-RNA-A-077.GGCTATTCGA,Human,A549_3h,co_assay,3,1523,3780.0,1523
sci-RNA-A-091.AAGCATCCTA,Human,A549_0h,co_assay,0,520,1256.0,520
sci-RNA-E-093.CTTCATTAGA,Human,A549_0h,co_assay,0,2857,6975.0,2857
sci-RNA-B-001.ACGATAGACT,Human,A549_3h,co_assay,3,456,898.0,456
sci-RNA-A-082.CCAGGCTCTT,Human,A549_1h,co_assay,1,700,1671.0,700
sci-RNA-D-042.GCGGTTATTG,Human,A549_0h,co_assay,0,2006,4198.0,2006
sci-RNA-E-029.GCGGCCAATC,Human,A549_3h,co_assay,3,573,1372.0,573
sci-RNA-C-023.AAGTACGTTA,Human,A549_3h,co_assay,3,715,1539.0,715
sci-RNA-C-012.CCTAAGCGGT,Human,A549_0h,co_assay,0,500,1061.0,500
sci-RNA-D-061.TTGATATGAA,Human,A549_0h,co_assay,0,2640,5635.0,2640
sci-RNA-A-085.ACGCGCTCCT,Human,A549_0h,co_assay,0,419,977.0,419
sci-RNA-B-002.TCTATCGGTA,Human,A549_3h,co_assay,3,402,978.0,402
sci-RNA-D-094.AAGTACGTTA,Human,A549_3h,co_assay,3,788,1780.0,788
sci-RNA-E-031.CCAGGCTCTT,Human,A549_1h,co_assay,1,339,750.0,339
sci-RNA-C-026.ACTCGACGCC,Human,A549_0h,co_assay,0,870,2197.0,870
sci-RNA-E-017.ATATGCCATC,Human,A549_3h,co_assay,3,947,2212.0,947
sci-RNA-A-039.CGTCTATGAA,Human,A549_1h,co_assay,1,401,967.0,401
sci-RNA-B-059.CTCGGAGCAA,Human,A549_3h,co_assay,3,475,1089.0,475
sci-RNA-C-069.GGCTCGAGAT,Human,A549_3h,co_assay,3,414,849.0,414
sci-RNA-D-005.GGACGACGCA,Human,A549_1h,co_assay,1,1381,2819.0,1381
sci-RNA-A-027.ACGTTGAATG,Human,A549_0h,co_assay,0,675,1554.0,675
sci-RNA-A-056.CTATTAACCA,Human,A549_1h,co_assay,1,527,1158.0,527
sci-RNA-A-038.TCTATCGGTA,Human,A549_3h,co_assay,3,591,1408.0,591
sci-RNA-C-019.CGTCTATGAA,Human,A549_1h,co_assay,1,632,1287.0,632
sci-RNA-D-026.TTGATATGAA,Human,A549_0h,co_assay,0,1010,2134.0,1010
sci-RNA-D-031.ACGGAGAATA,Human,A549_1h,co_assay,1,542,1120.0,542
sci-RNA-C-061.GGCTCGAGAT,Human,A549_3h,co_assay,3,448,895.0,448
sci-RNA-D-089.TGAGACTCTA,Human,A549_3h,co_assay,3,855,1857.0,855
sci-RNA-C-077.TCTATCGGTA,Human,A549_3h,co_assay,3,707,1494.0,707
sci-RNA-E-074.ACGATAGACT,Human,A549_3h,co_assay,3,349,771.0,349
sci-RNA-E-044.TTCTCTACTA,Human,A549_1h,co_assay,1,368,841.0,368
sci-RNA-D-081.ACGGAGAATA,Human,A549_1h,co_assay,1,467,1027.0,467
sci-RNA-E-014.TTCTCTACTA,Human,A549_1h,co_assay,1,987,2180.0,987
sci-RNA-D-044.ACGCGCTCCT,Human,A549_0h,co_assay,0,646,1437.0,646
sci-RNA-E-002.ACGATAGACT,Human,A549_3h,co_assay,3,540,1264.0,540
sci-RNA-C-045.CTATTAACCA,Human,A549_1h,co_assay,1,674,1424.0,674
sci-RNA-E-095.GGCATCTACC,Human,A549_1h,co_assay,1,317,647.0,317
sci-RNA-C-030.GTAGATGCGC,Human,A549_1h,co_assay,1,4444,11251.0,4444
sci-RNA-D-025.GGCTTCTGGA,Human,A549_1h,co_assay,1,627,1299.0,627
sci-RNA-E-017.TGAGACTCTA,Human,A549_3h,co_assay,3,395,881.0,395
sci-RNA-D-007.GGCGGTTGAC,Human,A549_3h,co_assay,3,439,985.0,439
sci-RNA-C-050.GGCTGCCTTA,Human,A549_0h,co_assay,0,587,1300.0,587
sci-RNA-C-056.ACTCGACGCC,Human,A549_0h,co_assay,0,5626,15939.0,5626
sci-RNA-D-060.ACGATAGACT,Human,A549_3h,co_assay,3,454,918.0,454
sci-RNA-E-084.TCTAGTCAAG,Human,A549_1h,co_assay,1,837,1750.0,837
sci-RNA-A-065.CCATCGGACC,Human,A549_0h,co_assay,0,307,733.0,307
sci-RNA-C-032.TGAGACTCTA,Human,A549_3h,co_assay,3,834,1701.0,834
sci-RNA-C-012.ACGATAGACT,Human,A549_3h,co_assay,3,334,689.0,334
sci-RNA-B-021.CCAGGCTCTT,Human,A549_1h,co_assay,1,566,1263.0,566
sci-RNA-C-093.AATCCGGTCA,Human,A549_1h,co_assay,1,885,1835.0,885
sci-RNA-E-046.TTCTCTACTA,Human,A549_1h,co_assay,1,1067,2385.0,1067
sci-RNA-C-017.AATCGAACTC,Human,A549_1h,co_assay,1,1593,3495.0,1593
sci-RNA-A-026.AAGTACGTTA,Human,A549_3h,co_assay,3,569,1500.0,569
sci-RNA-E-020.CTCGGAGCAA,Human,A549_3h,co_assay,3,417,1007.0,417
sci-RNA-C-065.GGCTATTCGA,Human,A549_3h,co_assay,3,1133,2504.0,1133
sci-RNA-C-088.CTTCATTAGA,Human,A549_0h,co_assay,0,2961,6739.0,2961
sci-RNA-D-009.ACGGAGAATA,Human,A549_1h,co_assay,1,404,840.0,404
sci-RNA-A-008.CGTATTGAGA,Human,A549_3h,co_assay,3,396,977.0,396
sci-RNA-D-080.ACTGGTAGAT,Human,A549_0h,co_assay,0,652,1375.0,652
sci-RNA-A-063.GGCATCTACC,Human,A549_1h,co_assay,1,525,1155.0,525
sci-RNA-C-039.GGCTATTCGA,Human,A549_3h,co_assay,3,524,1134.0,524
sci-RNA-E-011.GGACGACGCA,Human,A549_1h,co_assay,1,1019,2229.0,1019
sci-RNA-E-049.GGACGACGCA,Human,A549_1h,co_assay,1,1299,2546.0,1299
sci-RNA-E-081.TCTCTCATCC,Human,A549_0h,co_assay,0,1153,2437.0,1153
sci-RNA-C-009.CTCGGAGCAA,Human,A549_3h,co_assay,3,324,676.0,324
sci-RNA-D-084.GGCATCTACC,Human,A549_1h,co_assay,1,512,1005.0,512
sci-RNA-B-055.GGCATCTACC,Human,A549_1h,co_assay,1,309,673.0,309
sci-RNA-C-045.TTGCAGCATT,Human,A549_1h,co_assay,1,394,774.0,394
sci-RNA-D-013.ACGATAGACT,Human,A549_3h,co_assay,3,611,1310.0,611
sci-RNA-E-080.CCAGGCTCTT,Human,A549_1h,co_assay,1,496,1166.0,496
sci-RNA-D-036.GGCTGCCTTA,Human,A549_0h,co_assay,0,998,2194.0,998
sci-RNA-C-041.ACTGGTAGAT,Human,A549_0h,co_assay,0,421,886.0,421
sci-RNA-C-019.TCTATCGGTA,Human,A549_3h,co_assay,3,443,968.0,443
sci-RNA-E-018.TTCGCTGCCT,Human,A549_1h,co_assay,1,474,1056.0,474
sci-RNA-A-052.TCTCTCATCC,Human,A549_0h,co_assay,0,847,1936.0,847
sci-RNA-A-010.AATCCGGTCA,Human,A549_1h,co_assay,1,364,830.0,364
sci-RNA-A-061.ACGGAGAATA,Human,A549_1h,co_assay,1,375,926.0,375
sci-RNA-C-061.GGCTTCTGGA,Human,A549_1h,co_assay,1,393,808.0,393
sci-RNA-A-013.ACGCGCTCCT,Human,A549_0h,co_assay,0,662,1642.0,662
sci-RNA-D-049.TCCGCCGGTC,Human,A549_3h,co_assay,3,361,690.0,361
sci-RNA-C-035.ATCTAGGTTC,Human,A549_0h,co_assay,0,341,741.0,341
sci-RNA-C-095.AGCGATCCGC,Human,A549_1h,co_assay,1,756,1695.0,756
sci-RNA-C-063.GGACGACGCA,Human,A549_1h,co_assay,1,1124,2426.0,1124
sci-RNA-A-051.CCTAAGCGGT,Human,A549_0h,co_assay,0,315,852.0,315
sci-RNA-E-081.TAGCCAGCAA,Human,A549_3h,co_assay,3,418,912.0,418
sci-RNA-A-085.AGCGATCCGC,Human,A549_1h,co_assay,1,475,1295.0,475
sci-RNA-A-050.CTGAAGAGAC,Human,A549_1h,co_assay,1,322,753.0,322
sci-RNA-D-078.TAGCCAGCAA,Human,A549_3h,co_assay,3,522,1061.0,522
sci-RNA-B-019.GGCTTCTGGA,Human,A549_1h,co_assay,1,580,1398.0,580
sci-RNA-D-022.AATCGAACTC,Human,A549_1h,co_assay,1,378,772.0,378
sci-RNA-A-061.AATCGAACTC,Human,A549_1h,co_assay,1,914,2010.0,914
sci-RNA-A-039.GCGGTTATTG,Human,A549_0h,co_assay,0,400,904.0,400
sci-RNA-E-036.ACGCGCTCCT,Human,A549_0h,co_assay,0,1416,3225.0,1416
sci-RNA-E-037.CGTCTATGAA,Human,A549_1h,co_assay,1,620,1461.0,620
sci-RNA-C-090.TTCTCTACTA,Human,A549_1h,co_assay,1,432,978.0,432
sci-RNA-C-079.TCTCTCATCC,Human,A549_0h,co_assay,0,855,1704.0,855
sci-RNA-A-022.TTCTCTACTA,Human,A549_1h,co_assay,1,470,1098.0,470
sci-RNA-C-047.CGTCTATGAA,Human,A549_1h,co_assay,1,1184,2598.0,1184
sci-RNA-E-048.CTCGGAGCAA,Human,A549_3h,co_assay,3,676,1478.0,676
sci-RNA-C-073.AGCGATCCGC,Human,A549_1h,co_assay,1,358,798.0,358
sci-RNA-B-059.TTGCAGCATT,Human,A549_1h,co_assay,1,349,747.0,349
sci-RNA-D-072.GGCTATTCGA,Human,A549_3h,co_assay,3,628,1356.0,628
sci-RNA-A-076.TGAGACTCTA,Human,A549_3h,co_assay,3,888,2235.0,888
sci-RNA-E-023.ACGATAGACT,Human,A549_3h,co_assay,3,508,1198.0,508
sci-RNA-E-021.GGCTCGAGAT,Human,A549_3h,co_assay,3,416,865.0,416
sci-RNA-D-042.GGCTGCCTTA,Human,A549_0h,co_assay,0,1809,3924.0,1809
sci-RNA-E-070.CCATCGGACC,Human,A549_0h,co_assay,0,1248,3116.0,1248
sci-RNA-A-047.GGCTTCTGGA,Human,A549_1h,co_assay,1,435,1032.0,435
sci-RNA-C-019.AATCCGGTCA,Human,A549_1h,co_assay,1,550,1126.0,550
sci-RNA-E-046.CTCGGAGCAA,Human,A549_3h,co_assay,3,824,1898.0,824
sci-RNA-D-008.TCTCTCATCC,Human,A549_0h,co_assay,0,448,895.0,448
sci-RNA-E-031.TGAGACTCTA,Human,A549_3h,co_assay,3,1236,2762.0,1236
sci-RNA-B-008.AATCCGGTCA,Human,A549_1h,co_assay,1,428,1038.0,428
sci-RNA-E-092.TGAGACTCTA,Human,A549_3h,co_assay,3,1381,3243.0,1381
sci-RNA-D-029.CCTATCATAA,Human,A549_1h,co_assay,1,485,1024.0,485
sci-RNA-C-059.CCAGGCTCTT,Human,A549_1h,co_assay,1,307,664.0,307
sci-RNA-A-083.TTCGCTGCCT,Human,A549_1h,co_assay,1,557,1198.0,557
sci-RNA-D-093.ACGGAGAATA,Human,A549_1h,co_assay,1,1133,2405.0,1133
sci-RNA-C-038.ACGGAGAATA,Human,A549_1h,co_assay,1,348,713.0,348
sci-RNA-C-067.ACTGGTAGAT,Human,A549_0h,co_assay,0,446,970.0,446
sci-RNA-B-004.TTGATATGAA,Human,A549_0h,co_assay,0,942,2303.0,942
sci-RNA-A-056.GATTCCGGAA,Human,A549_0h,co_assay,0,414,900.0,414
sci-RNA-E-042.CCTATCATAA,Human,A549_1h,co_assay,1,506,1045.0,506
sci-RNA-D-065.TTCTCTACTA,Human,A549_1h,co_assay,1,413,827.0,413
sci-RNA-A-093.ACGGAGAATA,Human,A549_1h,co_assay,1,352,858.0,352
sci-RNA-D-026.GGACGACGCA,Human,A549_1h,co_assay,1,476,993.0,476
sci-RNA-B-042.GGCTGCCTTA,Human,A549_0h,co_assay,0,844,1968.0,844
sci-RNA-D-002.TTGATATGAA,Human,A549_0h,co_assay,0,670,1489.0,670
sci-RNA-B-045.AATCGAACTC,Human,A549_1h,co_assay,1,1683,3606.0,1683
sci-RNA-E-036.ACGATAGACT,Human,A549_3h,co_assay,3,399,926.0,399
sci-RNA-C-042.CCAGGCTCTT,Human,A549_1h,co_assay,1,383,887.0,383
sci-RNA-A-016.GCGGTTATTG,Human,A549_0h,co_assay,0,417,1037.0,417
sci-RNA-B-009.GGCTATTCGA,Human,A549_3h,co_assay,3,2180,5383.0,2180
sci-RNA-C-018.TTCTCTACTA,Human,A549_1h,co_assay,1,514,1095.0,514
sci-RNA-C-005.AATCCGGTCA,Human,A549_1h,co_assay,1,456,952.0,456
sci-RNA-D-029.TTCGCTGCCT,Human,A549_1h,co_assay,1,678,1305.0,678
sci-RNA-C-084.TAGCCAGCAA,Human,A549_3h,co_assay,3,1328,2815.0,1328
sci-RNA-A-058.CGTCTATGAA,Human,A549_1h,co_assay,1,706,1727.0,706
sci-RNA-A-019.GGCTATTCGA,Human,A549_3h,co_assay,3,2062,5891.0,2062
sci-RNA-C-037.CGTATTGAGA,Human,A549_3h,co_assay,3,842,1810.0,842
sci-RNA-C-027.TAGCCAGCAA,Human,A549_3h,co_assay,3,538,1213.0,538
sci-RNA-D-037.CGTCTATGAA,Human,A549_1h,co_assay,1,570,1186.0,570
sci-RNA-C-019.AAGCATCCTA,Human,A549_0h,co_assay,0,572,1247.0,572
sci-RNA-E-044.GGCATCTACC,Human,A549_1h,co_assay,1,420,913.0,420
sci-RNA-C-030.CCAGGCTCTT,Human,A549_1h,co_assay,1,376,833.0,376
sci-RNA-E-081.TTGCAGCATT,Human,A549_1h,co_assay,1,307,672.0,307
sci-RNA-C-085.TTCTATAGAG,Human,A549_1h,co_assay,1,790,1624.0,790
sci-RNA-C-032.GCGGTTATTG,Human,A549_0h,co_assay,0,702,1479.0,702
sci-RNA-B-013.TCTAGTCAAG,Human,A549_1h,co_assay,1,472,1059.0,472
sci-RNA-C-070.TGAGACTCTA,Human,A549_3h,co_assay,3,4375,13032.0,4375
sci-RNA-A-004.AAGCATCCTA,Human,A549_0h,co_assay,0,856,2287.0,856
sci-RNA-E-059.ACTCGACGCC,Human,A549_0h,co_assay,0,1613,4776.0,1613
sci-RNA-E-077.GACCAATGCG,Human,A549_0h,co_assay,0,1008,2394.0,1008
sci-RNA-E-080.CTATTAACCA,Human,A549_1h,co_assay,1,329,738.0,329
sci-RNA-C-081.TAGCCAGCAA,Human,A549_3h,co_assay,3,569,1263.0,569
sci-RNA-D-049.TAGCCAGCAA,Human,A549_3h,co_assay,3,506,1034.0,506
sci-RNA-A-093.TCTCTCATCC,Human,A549_0h,co_assay,0,335,788.0,335
sci-RNA-A-059.GCGGTTATTG,Human,A549_0h,co_assay,0,376,867.0,376
sci-RNA-D-012.GATCCAGCGT,Human,A549_3h,co_assay,3,308,622.0,308
sci-RNA-E-017.ACGATAGACT,Human,A549_3h,co_assay,3,504,1189.0,504
sci-RNA-E-089.ATATGCCATC,Human,A549_3h,co_assay,3,452,1050.0,452
sci-RNA-B-042.CCTATCATAA,Human,A549_1h,co_assay,1,590,1287.0,590
sci-RNA-A-071.CTGAAGAGAC,Human,A549_1h,co_assay,1,759,1671.0,759
sci-RNA-E-027.TAGAATAGCC,Human,A549_1h,co_assay,1,320,671.0,320
sci-RNA-E-078.TGAGACTCTA,Human,A549_3h,co_assay,3,1262,3069.0,1262
sci-RNA-E-082.GGACGACGCA,Human,A549_1h,co_assay,1,556,1266.0,556
sci-RNA-A-019.GGCTGCCTTA,Human,A549_0h,co_assay,0,862,2112.0,862
sci-RNA-C-051.CTTCATTAGA,Human,A549_0h,co_assay,0,1149,2494.0,1149
sci-RNA-D-082.TAGCCAGCAA,Human,A549_3h,co_assay,3,314,673.0,314
sci-RNA-E-036.CGTATTGAGA,Human,A549_3h,co_assay,3,453,1107.0,453
sci-RNA-C-092.GGCTGCCTTA,Human,A549_0h,co_assay,0,623,1400.0,623
sci-RNA-D-066.GGATTCTATC,Human,A549_1h,co_assay,1,421,800.0,421
sci-RNA-D-023.GGCTCGAGAT,Human,A549_3h,co_assay,3,580,1157.0,580
sci-RNA-A-035.GCGGTTATTG,Human,A549_0h,co_assay,0,592,1415.0,592
sci-RNA-A-046.CCAGGCTCTT,Human,A549_1h,co_assay,1,435,1059.0,435
sci-RNA-B-057.GGCTCGAGAT,Human,A549_3h,co_assay,3,676,1506.0,676
sci-RNA-E-085.TGAGACTCTA,Human,A549_3h,co_assay,3,1163,2706.0,1163
sci-RNA-A-079.GGACGACGCA,Human,A549_1h,co_assay,1,1351,3588.0,1351
sci-RNA-D-010.GGATTCTATC,Human,A549_1h,co_assay,1,358,718.0,358
sci-RNA-D-012.ACGTTGAATG,Human,A549_0h,co_assay,0,624,1240.0,624
sci-RNA-C-056.AATCCGGTCA,Human,A549_1h,co_assay,1,476,959.0,476
sci-RNA-E-073.GGCTATTCGA,Human,A549_3h,co_assay,3,917,2165.0,917
sci-RNA-C-096.ACGATAGACT,Human,A549_3h,co_assay,3,448,1010.0,448
sci-RNA-E-016.CTGAAGAGAC,Human,A549_1h,co_assay,1,433,938.0,433
sci-RNA-E-090.AATCGAACTC,Human,A549_1h,co_assay,1,376,800.0,376
sci-RNA-C-043.AGCGATCCGC,Human,A549_1h,co_assay,1,312,688.0,312
sci-RNA-E-045.CGTATTGAGA,Human,A549_3h,co_assay,3,395,915.0,395
sci-RNA-E-025.TTGCAGCATT,Human,A549_1h,co_assay,1,311,700.0,311
sci-RNA-C-005.TCTATCGGTA,Human,A549_3h,co_assay,3,806,1766.0,806
sci-RNA-A-048.AATCGAACTC,Human,A549_1h,co_assay,1,1182,2530.0,1182
sci-RNA-E-018.TTGATATGAA,Human,A549_0h,co_assay,0,1969,4496.0,1969
sci-RNA-D-034.CTATTAACCA,Human,A549_1h,co_assay,1,806,1657.0,806
sci-RNA-B-033.ACTGGTAGAT,Human,A549_0h,co_assay,0,1026,2415.0,1026
sci-RNA-D-040.TTCTCTACTA,Human,A549_1h,co_assay,1,504,1040.0,504
sci-RNA-E-031.GGCTGCCTTA,Human,A549_0h,co_assay,0,1748,4000.0,1748
sci-RNA-A-096.CTGAAGAGAC,Human,A549_1h,co_assay,1,523,1197.0,523
sci-RNA-A-053.GATCCAGCGT,Human,A549_3h,co_assay,3,313,974.0,313
sci-RNA-C-029.ACGTTGAATG,Human,A549_0h,co_assay,0,328,719.0,328
sci-RNA-C-051.TTCTATAGAG,Human,A549_1h,co_assay,1,498,1023.0,498
sci-RNA-E-076.GGCTCGAGAT,Human,A549_3h,co_assay,3,785,1684.0,785
sci-RNA-B-024.AGCGATCCGC,Human,A549_1h,co_assay,1,316,746.0,316
sci-RNA-D-064.CCATCGGACC,Human,A549_0h,co_assay,0,1034,2281.0,1034
sci-RNA-E-030.ACGGAGAATA,Human,A549_1h,co_assay,1,332,719.0,332
sci-RNA-C-013.GGCTTCTGGA,Human,A549_1h,co_assay,1,484,1098.0,484
sci-RNA-E-019.GGCTGCCTTA,Human,A549_0h,co_assay,0,1722,3741.0,1722
sci-RNA-E-017.GGCTTCTGGA,Human,A549_1h,co_assay,1,310,680.0,310
sci-RNA-D-016.TTGATATGAA,Human,A549_0h,co_assay,0,1265,2851.0,1265
sci-RNA-D-048.ACGCGCTCCT,Human,A549_0h,co_assay,0,418,865.0,418
sci-RNA-C-053.CTTCATTAGA,Human,A549_0h,co_assay,0,1213,2670.0,1213
sci-RNA-E-041.ATATGCCATC,Human,A549_3h,co_assay,3,750,1684.0,750
sci-RNA-C-031.ACTCGACGCC,Human,A549_0h,co_assay,0,2009,5274.0,2009
sci-RNA-B-048.AATCGAACTC,Human,A549_1h,co_assay,1,584,1288.0,584
sci-RNA-E-018.TCTATCGGTA,Human,A549_3h,co_assay,3,520,1185.0,520
sci-RNA-E-092.ACTCGACGCC,Human,A549_0h,co_assay,0,1766,5130.0,1766
sci-RNA-A-031.AATCGAACTC,Human,A549_1h,co_assay,1,1224,2665.0,1224
sci-RNA-C-023.ACGCGCTCCT,Human,A549_0h,co_assay,0,529,1117.0,529
sci-RNA-D-077.TTCTATAGAG,Human,A549_1h,co_assay,1,347,704.0,347
sci-RNA-E-058.CCATCGGACC,Human,A549_0h,co_assay,0,1423,3324.0,1423
sci-RNA-B-049.ACTGGTAGAT,Human,A549_0h,co_assay,0,495,1212.0,495
sci-RNA-C-021.GGCTCGAGAT,Human,A549_3h,co_assay,3,345,722.0,345
sci-RNA-D-009.TCCGCCGGTC,Human,A549_3h,co_assay,3,339,687.0,339
sci-RNA-D-004.GACCAATGCG,Human,A549_0h,co_assay,0,466,1035.0,466
sci-RNA-D-078.AATCCGGTCA,Human,A549_1h,co_assay,1,368,786.0,368
sci-RNA-E-044.TGAGACTCTA,Human,A549_3h,co_assay,3,879,1966.0,879
sci-RNA-C-073.TCTCTCATCC,Human,A549_0h,co_assay,0,329,729.0,329
sci-RNA-D-045.CGTATTGAGA,Human,A549_3h,co_assay,3,1145,2454.0,1145
sci-RNA-B-052.TCTCTCATCC,Human,A549_0h,co_assay,0,466,1017.0,466
sci-RNA-E-051.CTGAAGAGAC,Human,A549_1h,co_assay,1,706,1539.0,706
sci-RNA-A-010.GGACGACGCA,Human,A549_1h,co_assay,1,776,1971.0,776
sci-RNA-E-041.GGCTATTCGA,Human,A549_3h,co_assay,3,3724,9304.0,3724
sci-RNA-A-064.TTCTATAGAG,Human,A549_1h,co_assay,1,456,972.0,456
sci-RNA-B-054.AATCGAACTC,Human,A549_1h,co_assay,1,508,1112.0,508
sci-RNA-E-027.ACGTTGAATG,Human,A549_0h,co_assay,0,1656,3656.0,1656
sci-RNA-B-033.CTATTAACCA,Human,A549_1h,co_assay,1,513,1155.0,513
sci-RNA-D-088.GGACGACGCA,Human,A549_1h,co_assay,1,1066,2195.0,1066
sci-RNA-E-061.ACGATAGACT,Human,A549_3h,co_assay,3,754,1659.0,754
sci-RNA-E-045.CGAATCTCCT,Human,A549_3h,co_assay,3,414,959.0,414
sci-RNA-A-042.TTCTATAGAG,Human,A549_1h,co_assay,1,509,1085.0,509
sci-RNA-C-003.CCTAAGCGGT,Human,A549_0h,co_assay,0,349,758.0,349
sci-RNA-B-010.CTTCATTAGA,Human,A549_0h,co_assay,0,307,782.0,307
sci-RNA-D-035.AATCGAACTC,Human,A549_1h,co_assay,1,3073,6250.0,3073
sci-RNA-C-055.ATATGCCATC,Human,A549_3h,co_assay,3,486,1115.0,486
sci-RNA-D-014.GGCTATTCGA,Human,A549_3h,co_assay,3,752,1714.0,752
sci-RNA-C-048.CGTATTGAGA,Human,A549_3h,co_assay,3,876,1891.0,876
sci-RNA-E-042.GGCTTCTGGA,Human,A549_1h,co_assay,1,567,1249.0,567
sci-RNA-C-046.TTCTCTACTA,Human,A549_1h,co_assay,1,554,1172.0,554
sci-RNA-E-059.CTCGGAGCAA,Human,A549_3h,co_assay,3,1758,4126.0,1758
sci-RNA-B-030.ACGATAGACT,Human,A549_3h,co_assay,3,328,756.0,328
sci-RNA-E-092.AATCGAACTC,Human,A549_1h,co_assay,1,1351,2909.0,1351
sci-RNA-E-005.TGCCTAACTT,Human,A549_3h,co_assay,3,364,734.0,364
sci-RNA-B-025.TTCTATAGAG,Human,A549_1h,co_assay,1,660,1397.0,660
sci-RNA-E-001.GATTCCGGAA,Human,A549_0h,co_assay,0,356,791.0,356
sci-RNA-D-060.AATCGAACTC,Human,A549_1h,co_assay,1,938,1840.0,938
sci-RNA-C-028.AATCGAACTC,Human,A549_1h,co_assay,1,448,891.0,448
sci-RNA-D-050.ACGCGCTCCT,Human,A549_0h,co_assay,0,745,1606.0,745
sci-RNA-A-038.CTCGGAGCAA,Human,A549_3h,co_assay,3,574,1404.0,574
sci-RNA-D-024.ACGCGCTCCT,Human,A549_0h,co_assay,0,367,790.0,367
sci-RNA-E-057.ACGGAGAATA,Human,A549_1h,co_assay,1,434,946.0,434
sci-RNA-A-051.ACGTTGAATG,Human,A549_0h,co_assay,0,374,1259.0,374
sci-RNA-A-020.AGGTAGAGCT,Human,A549_1h,co_assay,1,333,733.0,333
sci-RNA-C-037.GGCATCTACC,Human,A549_1h,co_assay,1,498,1015.0,498
sci-RNA-A-045.ATATGCCATC,Human,A549_3h,co_assay,3,500,1386.0,500
sci-RNA-A-053.AAGCATCCTA,Human,A549_0h,co_assay,0,358,998.0,358
sci-RNA-C-010.ACTGGTAGAT,Human,A549_0h,co_assay,0,483,1085.0,483
sci-RNA-B-052.GGCATCTACC,Human,A549_1h,co_assay,1,366,774.0,366
sci-RNA-E-043.GGCTCGAGAT,Human,A549_3h,co_assay,3,357,766.0,357
sci-RNA-D-035.CCAGGCTCTT,Human,A549_1h,co_assay,1,366,750.0,366
sci-RNA-D-011.GCGGAGTCGA,Human,A549_3h,co_assay,3,311,640.0,311
sci-RNA-D-055.AATCCGGTCA,Human,A549_1h,co_assay,1,429,870.0,429
sci-RNA-B-047.GCGGTTATTG,Human,A549_0h,co_assay,0,498,1105.0,498
sci-RNA-C-038.GCGGTTATTG,Human,A549_0h,co_assay,0,785,1703.0,785
sci-RNA-C-059.AATCGAACTC,Human,A549_1h,co_assay,1,503,1017.0,503
sci-RNA-A-019.CTATTAACCA,Human,A549_1h,co_assay,1,314,741.0,314
sci-RNA-E-015.ACTGGTAGAT,Human,A549_0h,co_assay,0,582,1289.0,582
sci-RNA-B-047.TGAGACTCTA,Human,A549_3h,co_assay,3,1067,2483.0,1067
sci-RNA-C-067.TTGCAGCATT,Human,A549_1h,co_assay,1,314,642.0,314
sci-RNA-C-069.AATCCGGTCA,Human,A549_1h,co_assay,1,366,736.0,366
sci-RNA-C-094.GGCTATTCGA,Human,A549_3h,co_assay,3,879,1947.0,879
sci-RNA-A-018.TAGCCAGCAA,Human,A549_3h,co_assay,3,320,787.0,320
sci-RNA-C-081.AATCCGGTCA,Human,A549_1h,co_assay,1,404,829.0,404
sci-RNA-C-088.GGACGACGCA,Human,A549_1h,co_assay,1,390,804.0,390
sci-RNA-B-042.TCTAGTCAAG,Human,A549_1h,co_assay,1,340,740.0,340
sci-RNA-E-058.AAGTACGTTA,Human,A549_3h,co_assay,3,959,2291.0,959
sci-RNA-E-028.GCGGAGTCGA,Human,A549_3h,co_assay,3,446,968.0,446
sci-RNA-E-026.GGCTCGAGAT,Human,A549_3h,co_assay,3,348,801.0,348
sci-RNA-E-002.TTGCAGCATT,Human,A549_1h,co_assay,1,430,1033.0,430
sci-RNA-D-084.TTCTATAGAG,Human,A549_1h,co_assay,1,639,1317.0,639
sci-RNA-B-008.CTCGGAGCAA,Human,A549_3h,co_assay,3,837,1897.0,837
sci-RNA-D-089.GGATTCTATC,Human,A549_1h,co_assay,1,318,632.0,318
sci-RNA-E-014.ACTGGTAGAT,Human,A549_0h,co_assay,0,763,1769.0,763
sci-RNA-C-006.ATATGCCATC,Human,A549_3h,co_assay,3,471,1020.0,471
sci-RNA-C-046.CGTCTATGAA,Human,A549_1h,co_assay,1,956,2024.0,956
sci-RNA-E-088.GCGGTTATTG,Human,A549_0h,co_assay,0,887,1951.0,887
sci-RNA-A-004.TCCGCCGGTC,Human,A549_3h,co_assay,3,354,848.0,354
sci-RNA-E-060.CTGAAGAGAC,Human,A549_1h,co_assay,1,492,1062.0,492
sci-RNA-E-008.ACGGAGAATA,Human,A549_1h,co_assay,1,423,937.0,423
sci-RNA-D-032.TAGAATAGCC,Human,A549_1h,co_assay,1,524,1047.0,524
sci-RNA-A-083.TGAGACTCTA,Human,A549_3h,co_assay,3,784,2058.0,784
sci-RNA-C-055.AAGTACGTTA,Human,A549_3h,co_assay,3,692,1529.0,692
sci-RNA-C-054.ACTGGTAGAT,Human,A549_0h,co_assay,0,1594,3475.0,1594
sci-RNA-D-061.ATATGCCATC,Human,A549_3h,co_assay,3,467,984.0,467
sci-RNA-D-031.CGTATTGAGA,Human,A549_3h,co_assay,3,443,928.0,443
sci-RNA-E-073.TCCGCCGGTC,Human,A549_3h,co_assay,3,607,1338.0,607
sci-RNA-B-039.TCTATCGGTA,Human,A549_3h,co_assay,3,754,1775.0,754
sci-RNA-A-079.GGCTATTCGA,Human,A549_3h,co_assay,3,1622,3847.0,1622
sci-RNA-E-034.TCCGCCGGTC,Human,A549_3h,co_assay,3,441,1005.0,441
sci-RNA-B-028.GCGGAGTCGA,Human,A549_3h,co_assay,3,308,643.0,308
sci-RNA-D-039.AATCGAACTC,Human,A549_1h,co_assay,1,330,632.0,330
sci-RNA-D-038.GGCTCGAGAT,Human,A549_3h,co_assay,3,327,649.0,327
sci-RNA-A-025.GGCTATTCGA,Human,A549_3h,co_assay,3,1122,3195.0,1122
sci-RNA-B-043.GCGGCCAATC,Human,A549_3h,co_assay,3,395,945.0,395
sci-RNA-A-021.ACTGGTAGAT,Human,A549_0h,co_assay,0,453,1180.0,453
sci-RNA-E-069.CGTATTGAGA,Human,A549_3h,co_assay,3,764,1716.0,764
sci-RNA-B-042.TCTATCGGTA,Human,A549_3h,co_assay,3,684,1549.0,684
sci-RNA-A-077.ATATGCCATC,Human,A549_3h,co_assay,3,697,1707.0,697
sci-RNA-C-024.CTCGGAGCAA,Human,A549_3h,co_assay,3,700,1499.0,700
sci-RNA-E-060.AAGCATCCTA,Human,A549_0h,co_assay,0,372,815.0,372
sci-RNA-D-030.ACGGAGAATA,Human,A549_1h,co_assay,1,388,817.0,388
sci-RNA-E-037.ACGATAGACT,Human,A549_3h,co_assay,3,504,1152.0,504
sci-RNA-C-067.GGACGACGCA,Human,A549_1h,co_assay,1,329,710.0,329
sci-RNA-B-027.AAGCATCCTA,Human,A549_0h,co_assay,0,733,1766.0,733
sci-RNA-A-076.GGCTATTCGA,Human,A549_3h,co_assay,3,1463,3645.0,1463
sci-RNA-D-040.GCGGCCAATC,Human,A549_3h,co_assay,3,659,1408.0,659
sci-RNA-A-023.AATCGAACTC,Human,A549_1h,co_assay,1,2292,4793.0,2292
sci-RNA-A-032.GACCAATGCG,Human,A549_0h,co_assay,0,521,1272.0,521
sci-RNA-E-050.GTAGATGCGC,Human,A549_1h,co_assay,1,351,789.0,351
sci-RNA-A-044.CCTAAGCGGT,Human,A549_0h,co_assay,0,401,1068.0,401
sci-RNA-D-048.TCCGCCGGTC,Human,A549_3h,co_assay,3,320,670.0,320
sci-RNA-A-049.TGAGACTCTA,Human,A549_3h,co_assay,3,468,956.0,468
sci-RNA-D-027.TGAGACTCTA,Human,A549_3h,co_assay,3,489,1008.0,489
sci-RNA-E-083.GGACGACGCA,Human,A549_1h,co_assay,1,333,733.0,333
sci-RNA-B-061.CCATCGGACC,Human,A549_0h,co_assay,0,451,1061.0,451
sci-RNA-E-012.CTCGGAGCAA,Human,A549_3h,co_assay,3,931,2040.0,931
sci-RNA-A-048.TTCTCTACTA,Human,A549_1h,co_assay,1,822,1874.0,822
sci-RNA-C-063.TTGATATGAA,Human,A549_0h,co_assay,0,1499,3289.0,1499
sci-RNA-B-044.TTCGCTGCCT,Human,A549_1h,co_assay,1,408,873.0,408
sci-RNA-B-061.GGCTATTCGA,Human,A549_3h,co_assay,3,1585,3761.0,1585
sci-RNA-D-087.GGCTATTCGA,Human,A549_3h,co_assay,3,714,1541.0,714
sci-RNA-D-059.CGTCTATGAA,Human,A549_1h,co_assay,1,1045,2192.0,1045
sci-RNA-A-004.ACTGGTAGAT,Human,A549_0h,co_assay,0,676,1599.0,676
sci-RNA-E-084.GGCTGCCTTA,Human,A549_0h,co_assay,0,840,1878.0,840
sci-RNA-D-061.ACGATAGACT,Human,A549_3h,co_assay,3,1339,2782.0,1339
sci-RNA-A-095.GCGGAGTCGA,Human,A549_3h,co_assay,3,1843,5061.0,1843
sci-RNA-C-044.TCTCTCATCC,Human,A549_0h,co_assay,0,428,916.0,428
sci-RNA-D-053.ATATGCCATC,Human,A549_3h,co_assay,3,439,917.0,439
sci-RNA-D-066.GCGGAGTCGA,Human,A549_3h,co_assay,3,426,824.0,426
sci-RNA-D-066.ACGTTGAATG,Human,A549_0h,co_assay,0,565,1218.0,565
sci-RNA-C-075.GGCTTCTGGA,Human,A549_1h,co_assay,1,383,832.0,383
sci-RNA-D-055.CGTATTGAGA,Human,A549_3h,co_assay,3,1879,4175.0,1879
sci-RNA-C-081.ACGGAGAATA,Human,A549_1h,co_assay,1,415,894.0,415
sci-RNA-B-003.GGCTATTCGA,Human,A549_3h,co_assay,3,1243,2924.0,1243
sci-RNA-E-053.CTCGGAGCAA,Human,A549_3h,co_assay,3,510,1099.0,510
sci-RNA-C-096.CGTCTATGAA,Human,A549_1h,co_assay,1,530,1145.0,530
sci-RNA-B-064.TCTATCGGTA,Human,A549_3h,co_assay,3,593,1316.0,593
sci-RNA-D-082.AAGTACGTTA,Human,A549_3h,co_assay,3,379,825.0,379
sci-RNA-E-063.AGCGATCCGC,Human,A549_1h,co_assay,1,627,1423.0,627
sci-RNA-B-056.AAGCATCCTA,Human,A549_0h,co_assay,0,431,1021.0,431
sci-RNA-C-072.AAGCATCCTA,Human,A549_0h,co_assay,0,406,902.0,406
sci-RNA-C-082.TTGCAGCATT,Human,A549_1h,co_assay,1,637,1333.0,637
sci-RNA-C-082.TCTCTCATCC,Human,A549_0h,co_assay,0,484,990.0,484
sci-RNA-D-033.GGCATCTACC,Human,A549_1h,co_assay,1,631,1246.0,631
sci-RNA-E-071.ATATGCCATC,Human,A549_3h,co_assay,3,1036,2378.0,1036
sci-RNA-D-050.GGCTTCTGGA,Human,A549_1h,co_assay,1,774,1594.0,774
sci-RNA-B-014.ACTGGTAGAT,Human,A549_0h,co_assay,0,1117,2724.0,1117
sci-RNA-D-038.TAGCCAGCAA,Human,A549_3h,co_assay,3,565,1256.0,565
sci-RNA-C-052.CTTCATTAGA,Human,A549_0h,co_assay,0,1745,3935.0,1745
sci-RNA-C-005.TTGATATGAA,Human,A549_0h,co_assay,0,601,1338.0,601
sci-RNA-B-043.CGTCTATGAA,Human,A549_1h,co_assay,1,1019,2351.0,1019
sci-RNA-A-075.ACGGAGAATA,Human,A549_1h,co_assay,1,563,1446.0,563
sci-RNA-C-036.ACGTTGAATG,Human,A549_0h,co_assay,0,1602,3831.0,1602
sci-RNA-A-021.CGTCTATGAA,Human,A549_1h,co_assay,1,740,1784.0,740
sci-RNA-A-037.CTCGGAGCAA,Human,A549_3h,co_assay,3,517,1321.0,517
sci-RNA-D-004.CGTATTGAGA,Human,A549_3h,co_assay,3,752,1602.0,752
sci-RNA-D-040.TTGCAGCATT,Human,A549_1h,co_assay,1,720,1492.0,720
sci-RNA-A-066.CGTCTATGAA,Human,A549_1h,co_assay,1,742,1831.0,742
sci-RNA-B-035.TTCTCTACTA,Human,A549_1h,co_assay,1,802,1777.0,802
sci-RNA-E-059.ATCTAGGTTC,Human,A549_0h,co_assay,0,361,778.0,361
sci-RNA-D-064.AATCCGGTCA,Human,A549_1h,co_assay,1,564,1109.0,564
sci-RNA-D-013.GGATTCTATC,Human,A549_1h,co_assay,1,437,892.0,437
sci-RNA-D-042.TCCGCCGGTC,Human,A549_3h,co_assay,3,541,1100.0,541
sci-RNA-A-013.AAGCATCCTA,Human,A549_0h,co_assay,0,378,1016.0,378
sci-RNA-E-038.ACGGAGAATA,Human,A549_1h,co_assay,1,735,1642.0,735
sci-RNA-A-069.CCTGAGAGCA,Human,A549_1h,co_assay,1,419,976.0,419
sci-RNA-E-078.CGTATTGAGA,Human,A549_3h,co_assay,3,444,988.0,444
sci-RNA-E-027.TAGCCAGCAA,Human,A549_3h,co_assay,3,343,758.0,343
sci-RNA-C-093.CGTCTATGAA,Human,A549_1h,co_assay,1,858,1916.0,858
sci-RNA-D-028.CGTATTGAGA,Human,A549_3h,co_assay,3,756,1558.0,756
sci-RNA-D-054.GGCTATTCGA,Human,A549_3h,co_assay,3,1422,3038.0,1422
sci-RNA-B-048.GGCTCGAGAT,Human,A549_3h,co_assay,3,329,731.0,329
sci-RNA-E-042.ACGGAGAATA,Human,A549_1h,co_assay,1,600,1369.0,600
sci-RNA-A-061.ACTGGTAGAT,Human,A549_0h,co_assay,0,496,1185.0,496
sci-RNA-C-064.TCTAGTCAAG,Human,A549_1h,co_assay,1,473,993.0,473
sci-RNA-D-073.CTCGGAGCAA,Human,A549_3h,co_assay,3,549,1164.0,549
sci-RNA-E-047.TAGAATAGCC,Human,A549_1h,co_assay,1,500,1064.0,500
sci-RNA-D-072.TGAGACTCTA,Human,A549_3h,co_assay,3,1207,2466.0,1207
sci-RNA-C-076.TGAGACTCTA,Human,A549_3h,co_assay,3,507,1243.0,507
sci-RNA-B-049.TCTATCGGTA,Human,A549_3h,co_assay,3,702,1579.0,702
sci-RNA-C-004.ACGGAGAATA,Human,A549_1h,co_assay,1,543,1220.0,543
sci-RNA-A-060.TCTAGTCAAG,Human,A549_1h,co_assay,1,614,1367.0,614
sci-RNA-D-015.TTGCAGCATT,Human,A549_1h,co_assay,1,407,906.0,407
sci-RNA-E-073.CCAGGCTCTT,Human,A549_1h,co_assay,1,563,1290.0,563
sci-RNA-A-060.AATCGAACTC,Human,A549_1h,co_assay,1,650,1312.0,650
sci-RNA-C-068.TAGCCAGCAA,Human,A549_3h,co_assay,3,388,868.0,388
sci-RNA-E-094.AATCCGGTCA,Human,A549_1h,co_assay,1,641,1370.0,641
sci-RNA-E-019.TGAGACTCTA,Human,A549_3h,co_assay,3,1180,2630.0,1180
sci-RNA-C-021.TTCGCTGCCT,Human,A549_1h,co_assay,1,500,989.0,500
sci-RNA-C-032.TCTATCGGTA,Human,A549_3h,co_assay,3,585,1264.0,585
sci-RNA-E-011.GCGGAGTCGA,Human,A549_3h,co_assay,3,432,956.0,432
sci-RNA-E-057.TCTAGTCAAG,Human,A549_1h,co_assay,1,583,1291.0,583
sci-RNA-D-086.TCTATCGGTA,Human,A549_3h,co_assay,3,1084,2323.0,1084
sci-RNA-E-075.TAGCCAGCAA,Human,A549_3h,co_assay,3,421,933.0,421
sci-RNA-C-054.CTATTAACCA,Human,A549_1h,co_assay,1,477,1008.0,477
sci-RNA-D-011.TCTAGTCAAG,Human,A549_1h,co_assay,1,575,1194.0,575
sci-RNA-B-026.TTGCAGCATT,Human,A549_1h,co_assay,1,437,979.0,437
sci-RNA-E-061.ACGGAGAATA,Human,A549_1h,co_assay,1,382,815.0,382
sci-RNA-A-011.TCTCTCATCC,Human,A549_0h,co_assay,0,627,1365.0,627
sci-RNA-D-004.ACTCGACGCC,Human,A549_0h,co_assay,0,2109,4557.0,2109
sci-RNA-E-025.CCAGGCTCTT,Human,A549_1h,co_assay,1,468,1008.0,468
sci-RNA-C-009.ACTCGACGCC,Human,A549_0h,co_assay,0,786,2027.0,786
sci-RNA-E-029.TCTAGTCAAG,Human,A549_1h,co_assay,1,378,870.0,378
sci-RNA-A-060.TTCTATAGAG,Human,A549_1h,co_assay,1,317,608.0,317
sci-RNA-C-051.CGTCTATGAA,Human,A549_1h,co_assay,1,959,2091.0,959
sci-RNA-E-066.ACTGGTAGAT,Human,A549_0h,co_assay,0,897,2111.0,897
sci-RNA-B-051.CGTATTGAGA,Human,A549_3h,co_assay,3,630,1515.0,630
sci-RNA-C-036.CGTATTGAGA,Human,A549_3h,co_assay,3,574,1152.0,574
sci-RNA-E-030.TCTATCGGTA,Human,A549_3h,co_assay,3,321,730.0,321
sci-RNA-B-041.CTGGTTGGTT,Human,A549_0h,co_assay,0,394,817.0,394
sci-RNA-B-048.TCTCTCATCC,Human,A549_0h,co_assay,0,1015,2214.0,1015
sci-RNA-A-077.CCATCGGACC,Human,A549_0h,co_assay,0,561,1374.0,561
sci-RNA-C-076.ATATGCCATC,Human,A549_3h,co_assay,3,592,1315.0,592
sci-RNA-D-063.GGCTGCCTTA,Human,A549_0h,co_assay,0,788,1714.0,788
sci-RNA-E-056.ACGTTGAATG,Human,A549_0h,co_assay,0,1004,2380.0,1004
sci-RNA-C-078.GGCTATTCGA,Human,A549_3h,co_assay,3,628,1372.0,628
sci-RNA-C-083.CGTCTATGAA,Human,A549_1h,co_assay,1,1186,2470.0,1186
sci-RNA-D-047.TCTATCGGTA,Human,A549_3h,co_assay,3,551,1221.0,551
sci-RNA-C-057.TTGCAGCATT,Human,A549_1h,co_assay,1,330,679.0,330
sci-RNA-C-010.TTGATATGAA,Human,A549_0h,co_assay,0,871,1972.0,871
sci-RNA-D-056.TTGATATGAA,Human,A549_0h,co_assay,0,2591,5623.0,2591
sci-RNA-E-019.TAGCCAGCAA,Human,A549_3h,co_assay,3,470,1056.0,470
sci-RNA-B-040.CTCGGAGCAA,Human,A549_3h,co_assay,3,426,936.0,426
sci-RNA-C-050.GGCATCTACC,Human,A549_1h,co_assay,1,806,1681.0,806
sci-RNA-C-076.CCAGGCTCTT,Human,A549_1h,co_assay,1,352,723.0,352
sci-RNA-E-053.GGCTATTCGA,Human,A549_3h,co_assay,3,1513,3487.0,1513
sci-RNA-E-037.ACTGGTAGAT,Human,A549_0h,co_assay,0,2002,4704.0,2002
sci-RNA-A-039.ACGTTGAATG,Human,A549_0h,co_assay,0,1856,4256.0,1856
sci-RNA-D-068.AGCGATCCGC,Human,A549_1h,co_assay,1,408,894.0,408
sci-RNA-A-020.ACGGAGAATA,Human,A549_1h,co_assay,1,388,959.0,388
sci-RNA-A-028.TCCGCCGGTC,Human,A549_3h,co_assay,3,419,931.0,419
sci-RNA-D-061.ACGGAGAATA,Human,A549_1h,co_assay,1,451,926.0,451
sci-RNA-D-016.CGTCTATGAA,Human,A549_1h,co_assay,1,831,1754.0,831
sci-RNA-B-047.TTGATATGAA,Human,A549_0h,co_assay,0,1053,2430.0,1053
sci-RNA-A-023.TAGAATAGCC,Human,A549_1h,co_assay,1,307,677.0,307
sci-RNA-A-007.CCTATCATAA,Human,A549_1h,co_assay,1,441,982.0,441
sci-RNA-B-050.CTATTAACCA,Human,A549_1h,co_assay,1,600,1293.0,600
sci-RNA-A-083.GCGGCCAATC,Human,A549_3h,co_assay,3,378,960.0,378
sci-RNA-A-093.CCTATCATAA,Human,A549_1h,co_assay,1,404,847.0,404
sci-RNA-E-074.ACTGGTAGAT,Human,A549_0h,co_assay,0,497,1165.0,497
sci-RNA-A-014.ACGCTTCTCT,Human,A549_3h,co_assay,3,431,995.0,431
sci-RNA-A-027.CGTCTATGAA,Human,A549_1h,co_assay,1,821,2077.0,821
sci-RNA-A-037.ACTCTACTGG,Human,A549_1h,co_assay,1,329,782.0,329
sci-RNA-C-007.CTCGGAGCAA,Human,A549_3h,co_assay,3,411,857.0,411
sci-RNA-E-018.TAGCCAGCAA,Human,A549_3h,co_assay,3,444,1095.0,444
sci-RNA-C-025.GGCGGTTGAC,Human,A549_3h,co_assay,3,346,732.0,346
sci-RNA-D-071.GATTCCGGAA,Human,A549_0h,co_assay,0,355,681.0,355
sci-RNA-E-092.ACTGGTAGAT,Human,A549_0h,co_assay,0,500,1164.0,500
sci-RNA-C-064.GGCGGTTGAC,Human,A549_3h,co_assay,3,420,908.0,420
sci-RNA-C-092.TTGCAGCATT,Human,A549_1h,co_assay,1,319,651.0,319
sci-RNA-B-032.TTCTATAGAG,Human,A549_1h,co_assay,1,319,660.0,319
sci-RNA-D-081.CCATCGGACC,Human,A549_0h,co_assay,0,1005,2181.0,1005
sci-RNA-B-016.CTCGGAGCAA,Human,A549_3h,co_assay,3,764,1838.0,764
sci-RNA-D-089.CTCGGAGCAA,Human,A549_3h,co_assay,3,903,1922.0,903
sci-RNA-E-008.GGCTATTCGA,Human,A549_3h,co_assay,3,1328,3444.0,1328
sci-RNA-C-048.CGAATCTCCT,Human,A549_3h,co_assay,3,358,737.0,358
sci-RNA-A-016.GCGGAGTCGA,Human,A549_3h,co_assay,3,494,1094.0,494
sci-RNA-B-003.GACCAATGCG,Human,A549_0h,co_assay,0,824,1822.0,824
sci-RNA-E-013.AGCGATCCGC,Human,A549_1h,co_assay,1,394,860.0,394
sci-RNA-D-005.ACGATAGACT,Human,A549_3h,co_assay,3,448,991.0,448
sci-RNA-A-034.ACGTTGAATG,Human,A549_0h,co_assay,0,461,1043.0,461
sci-RNA-E-053.GCGGCCAATC,Human,A549_3h,co_assay,3,384,889.0,384
sci-RNA-E-057.TTGCAGCATT,Human,A549_1h,co_assay,1,666,1517.0,666
sci-RNA-B-043.ACGTTGAATG,Human,A549_0h,co_assay,0,1036,2586.0,1036
sci-RNA-C-037.GCGGAGTCGA,Human,A549_3h,co_assay,3,371,766.0,371
sci-RNA-D-014.CCTATCATAA,Human,A549_1h,co_assay,1,472,911.0,472
sci-RNA-A-078.GGACGACGCA,Human,A549_1h,co_assay,1,1407,3461.0,1407
sci-RNA-D-013.CCATCGGACC,Human,A549_0h,co_assay,0,609,1301.0,609
sci-RNA-A-018.ACTCGACGCC,Human,A549_0h,co_assay,0,594,1398.0,594
sci-RNA-B-022.CGTATTGAGA,Human,A549_3h,co_assay,3,989,2277.0,989
sci-RNA-E-056.ATCTAGGTTC,Human,A549_0h,co_assay,0,305,670.0,305
sci-RNA-B-032.TAGCCAGCAA,Human,A549_3h,co_assay,3,1149,2752.0,1149
sci-RNA-A-055.AATCCGGTCA,Human,A549_1h,co_assay,1,682,1540.0,682
sci-RNA-A-005.CTATTAACCA,Human,A549_1h,co_assay,1,310,737.0,310
sci-RNA-E-047.ACGATAGACT,Human,A549_3h,co_assay,3,1057,2495.0,1057
sci-RNA-C-075.ACGATAGACT,Human,A549_3h,co_assay,3,414,900.0,414
sci-RNA-C-004.TCTAGTCAAG,Human,A549_1h,co_assay,1,393,840.0,393
sci-RNA-E-012.ACGATAGACT,Human,A549_3h,co_assay,3,387,861.0,387
sci-RNA-D-035.CTCGGAGCAA,Human,A549_3h,co_assay,3,478,1067.0,478
sci-RNA-D-019.CTCGGAGCAA,Human,A549_3h,co_assay,3,504,1071.0,504
sci-RNA-A-059.TGAGACTCTA,Human,A549_3h,co_assay,3,1601,4169.0,1601
sci-RNA-D-072.ACTCGACGCC,Human,A549_0h,co_assay,0,800,1957.0,800
sci-RNA-D-024.AATCGAACTC,Human,A549_1h,co_assay,1,792,1589.0,792
sci-RNA-B-057.CGTATTGAGA,Human,A549_3h,co_assay,3,733,1679.0,733
sci-RNA-B-041.GCGGTTATTG,Human,A549_0h,co_assay,0,822,1922.0,822
sci-RNA-E-088.CTATTAACCA,Human,A549_1h,co_assay,1,1257,2642.0,1257
sci-RNA-B-020.ACTCGACGCC,Human,A549_0h,co_assay,0,1166,3237.0,1166
sci-RNA-B-008.TGAGACTCTA,Human,A549_3h,co_assay,3,466,1082.0,466
sci-RNA-E-049.CGTATTGAGA,Human,A549_3h,co_assay,3,1388,2898.0,1388
sci-RNA-E-014.CGTCTATGAA,Human,A549_1h,co_assay,1,1168,2638.0,1168
sci-RNA-B-056.CTATTAACCA,Human,A549_1h,co_assay,1,427,954.0,427
sci-RNA-D-091.GATTCCGGAA,Human,A549_0h,co_assay,0,431,896.0,431
sci-RNA-A-015.CGTCTATGAA,Human,A549_1h,co_assay,1,828,2016.0,828
sci-RNA-E-046.ACGGAGAATA,Human,A549_1h,co_assay,1,864,1914.0,864
sci-RNA-E-084.ATATGCCATC,Human,A549_3h,co_assay,3,1324,3085.0,1324
sci-RNA-E-090.TTCTCTACTA,Human,A549_1h,co_assay,1,1056,2347.0,1056
sci-RNA-A-029.CTTCATTAGA,Human,A549_0h,co_assay,0,1685,4299.0,1685
sci-RNA-E-090.CGTATTGAGA,Human,A549_3h,co_assay,3,1002,2238.0,1002
sci-RNA-A-037.AATCCGGTCA,Human,A549_1h,co_assay,1,522,1217.0,522
sci-RNA-C-066.ACTGGTAGAT,Human,A549_0h,co_assay,0,574,1241.0,574
sci-RNA-E-049.ACGGAGAATA,Human,A549_1h,co_assay,1,551,1187.0,551
sci-RNA-C-083.TCTAGTCAAG,Human,A549_1h,co_assay,1,355,767.0,355
sci-RNA-A-032.GGCTATTCGA,Human,A549_3h,co_assay,3,709,2052.0,709
sci-RNA-B-045.GACCAATGCG,Human,A549_0h,co_assay,0,430,1012.0,430
sci-RNA-E-022.TCTAGTCAAG,Human,A549_1h,co_assay,1,1128,2495.0,1128
sci-RNA-D-013.TCTAGTCAAG,Human,A549_1h,co_assay,1,973,1988.0,973
sci-RNA-C-035.TCTATCGGTA,Human,A549_3h,co_assay,3,301,654.0,301
sci-RNA-E-069.ACGTTGAATG,Human,A549_0h,co_assay,0,1976,5937.0,1976
sci-RNA-C-041.TCTATCGGTA,Human,A549_3h,co_assay,3,318,683.0,318
sci-RNA-A-026.CTTCATTAGA,Human,A549_0h,co_assay,0,1579,4249.0,1579
sci-RNA-E-064.ACGATAGACT,Human,A549_3h,co_assay,3,354,802.0,354
sci-RNA-D-095.CCAGGCTCTT,Human,A549_1h,co_assay,1,700,1440.0,700
sci-RNA-A-020.GCGGTTATTG,Human,A549_0h,co_assay,0,300,679.0,300
sci-RNA-C-035.GGCTCGAGAT,Human,A549_3h,co_assay,3,488,1043.0,488
sci-RNA-B-055.GCGGTTATTG,Human,A549_0h,co_assay,0,967,2281.0,967
sci-RNA-E-081.CTCGGAGCAA,Human,A549_3h,co_assay,3,1579,3744.0,1579
sci-RNA-B-044.ACTCGACGCC,Human,A549_0h,co_assay,0,1217,3537.0,1217
sci-RNA-D-050.GGCTCGAGAT,Human,A549_3h,co_assay,3,474,943.0,474
sci-RNA-E-022.AATCCGGTCA,Human,A549_1h,co_assay,1,641,1363.0,641
sci-RNA-E-087.GGCTCGAGAT,Human,A549_3h,co_assay,3,326,678.0,326
sci-RNA-C-095.TAGCCAGCAA,Human,A549_3h,co_assay,3,526,1158.0,526
sci-RNA-E-091.CCTATCATAA,Human,A549_1h,co_assay,1,378,787.0,378
sci-RNA-E-004.ACGATAGACT,Human,A549_3h,co_assay,3,551,1284.0,551
sci-RNA-E-062.ACTGGTAGAT,Human,A549_0h,co_assay,0,540,1283.0,540
sci-RNA-C-039.TTCGCTGCCT,Human,A549_1h,co_assay,1,376,736.0,376
sci-RNA-C-078.CCTAAGCGGT,Human,A549_0h,co_assay,0,764,1709.0,764
sci-RNA-E-065.TCTATCGGTA,Human,A549_3h,co_assay,3,452,1048.0,452
sci-RNA-C-094.TCTCTCATCC,Human,A549_0h,co_assay,0,920,1888.0,920
sci-RNA-E-033.CTGGTTGGTT,Human,A549_0h,co_assay,0,405,875.0,405
sci-RNA-E-075.GCGGTTATTG,Human,A549_0h,co_assay,0,388,881.0,388
sci-RNA-E-069.GGACGACGCA,Human,A549_1h,co_assay,1,4104,9561.0,4104
sci-RNA-B-062.AATCCGGTCA,Human,A549_1h,co_assay,1,338,807.0,338
sci-RNA-A-060.CTTCATTAGA,Human,A549_0h,co_assay,0,771,1842.0,771
sci-RNA-D-027.CCAGGCTCTT,Human,A549_1h,co_assay,1,495,1027.0,495
sci-RNA-B-050.GCGGAGTCGA,Human,A549_3h,co_assay,3,329,699.0,329
sci-RNA-A-054.ACTCGACGCC,Human,A549_0h,co_assay,0,639,1991.0,639
sci-RNA-D-027.GCGGTTATTG,Human,A549_0h,co_assay,0,712,1465.0,712
sci-RNA-A-060.ATATGCCATC,Human,A549_3h,co_assay,3,310,720.0,310
sci-RNA-B-027.ACGATAGACT,Human,A549_3h,co_assay,3,379,835.0,379
sci-RNA-E-029.CCTATCATAA,Human,A549_1h,co_assay,1,835,1807.0,835
sci-RNA-D-068.GGACGACGCA,Human,A549_1h,co_assay,1,673,1393.0,673
sci-RNA-D-088.TTGCAGCATT,Human,A549_1h,co_assay,1,2872,6709.0,2872
sci-RNA-A-036.CGTCTATGAA,Human,A549_1h,co_assay,1,838,1964.0,838
sci-RNA-D-020.ACGTTGAATG,Human,A549_0h,co_assay,0,1292,2693.0,1292
sci-RNA-D-096.TTCTCTACTA,Human,A549_1h,co_assay,1,617,1264.0,617
sci-RNA-B-033.TCTATCGGTA,Human,A549_3h,co_assay,3,303,727.0,303
sci-RNA-C-001.TCCGCCGGTC,Human,A549_3h,co_assay,3,444,868.0,444
sci-RNA-A-027.AAGCATCCTA,Human,A549_0h,co_assay,0,2036,5328.0,2036
sci-RNA-A-054.GCGGTTATTG,Human,A549_0h,co_assay,0,338,785.0,338
sci-RNA-B-056.ATATGCCATC,Human,A549_3h,co_assay,3,571,1278.0,571
sci-RNA-E-080.CCTAAGCGGT,Human,A549_0h,co_assay,0,418,974.0,418
sci-RNA-E-034.TCTCTCATCC,Human,A549_0h,co_assay,0,493,1099.0,493
sci-RNA-B-058.AAGCATCCTA,Human,A549_0h,co_assay,0,483,1154.0,483
sci-RNA-D-085.GCGGCCAATC,Human,A549_3h,co_assay,3,470,1014.0,470
sci-RNA-D-054.ACTGGTAGAT,Human,A549_0h,co_assay,0,591,1228.0,591
sci-RNA-D-079.TCCTCTCCGT,Human,A549_3h,co_assay,3,1534,2692.0,1534
sci-RNA-E-040.CTCGGAGCAA,Human,A549_3h,co_assay,3,888,1908.0,888
sci-RNA-D-005.AATCGAACTC,Human,A549_1h,co_assay,1,1058,2121.0,1058
sci-RNA-A-083.CGTCTATGAA,Human,A549_1h,co_assay,1,376,862.0,376
sci-RNA-E-045.ACTCGACGCC,Human,A549_0h,co_assay,0,1420,3216.0,1420
sci-RNA-D-054.AATCCGGTCA,Human,A549_1h,co_assay,1,701,1412.0,701
sci-RNA-D-021.GGCATCTACC,Human,A549_1h,co_assay,1,690,1327.0,690
sci-RNA-A-093.GGCTATTCGA,Human,A549_3h,co_assay,3,325,815.0,325
sci-RNA-B-054.TCTCTCATCC,Human,A549_0h,co_assay,0,387,803.0,387
sci-RNA-C-004.GGCTTCTGGA,Human,A549_1h,co_assay,1,394,976.0,394
sci-RNA-E-050.AAGCATCCTA,Human,A549_0h,co_assay,0,605,1456.0,605
sci-RNA-D-014.TTGCAGCATT,Human,A549_1h,co_assay,1,621,1277.0,621
sci-RNA-D-015.ATATGCCATC,Human,A549_3h,co_assay,3,709,1632.0,709
sci-RNA-A-089.GACCAATGCG,Human,A549_0h,co_assay,0,729,1748.0,729
sci-RNA-B-002.GGCATCTACC,Human,A549_1h,co_assay,1,821,1705.0,821
sci-RNA-B-052.AGCGATCCGC,Human,A549_1h,co_assay,1,460,1147.0,460
sci-RNA-E-071.CTTCATTAGA,Human,A549_0h,co_assay,0,504,1237.0,504
sci-RNA-E-017.CTCGGAGCAA,Human,A549_3h,co_assay,3,705,1624.0,705
sci-RNA-B-003.TTCTATAGAG,Human,A549_1h,co_assay,1,440,974.0,440
sci-RNA-B-017.CCTAAGCGGT,Human,A549_0h,co_assay,0,428,1024.0,428
sci-RNA-C-052.GTAGATGCGC,Human,A549_1h,co_assay,1,874,1884.0,874
sci-RNA-E-045.GGACGACGCA,Human,A549_1h,co_assay,1,1301,2843.0,1301
sci-RNA-B-018.AATCGAACTC,Human,A549_1h,co_assay,1,1527,3277.0,1527
sci-RNA-D-053.CTCGGAGCAA,Human,A549_3h,co_assay,3,428,886.0,428
sci-RNA-C-083.AATCCGGTCA,Human,A549_1h,co_assay,1,515,1109.0,515
sci-RNA-E-058.CCTATCATAA,Human,A549_1h,co_assay,1,334,634.0,334
sci-RNA-E-072.ACTGGTAGAT,Human,A549_0h,co_assay,0,318,775.0,318
sci-RNA-B-004.TAGCCAGCAA,Human,A549_3h,co_assay,3,396,885.0,396
sci-RNA-E-094.TCTAGTCAAG,Human,A549_1h,co_assay,1,719,1596.0,719
sci-RNA-B-012.AATCGAACTC,Human,A549_1h,co_assay,1,541,1109.0,541
sci-RNA-D-049.TGAGACTCTA,Human,A549_3h,co_assay,3,1040,2045.0,1040
sci-RNA-B-016.TTGATATGAA,Human,A549_0h,co_assay,0,774,1900.0,774
sci-RNA-C-003.GGCTTCTGGA,Human,A549_1h,co_assay,1,304,633.0,304
sci-RNA-A-095.AATCGAACTC,Human,A549_1h,co_assay,1,591,1275.0,591
sci-RNA-A-009.CCTATCATAA,Human,A549_1h,co_assay,1,584,1252.0,584
sci-RNA-E-039.CCGCGCAGGT,Human,A549_1h,co_assay,1,309,657.0,309
sci-RNA-E-017.TTGATATGAA,Human,A549_0h,co_assay,0,1621,3790.0,1621
sci-RNA-E-083.AATCCGGTCA,Human,A549_1h,co_assay,1,1377,3025.0,1377
sci-RNA-A-031.ACTCGACGCC,Human,A549_0h,co_assay,0,789,1981.0,789
sci-RNA-C-076.CTGAAGAGAC,Human,A549_1h,co_assay,1,513,1074.0,513
sci-RNA-C-031.TAGAATAGCC,Human,A549_1h,co_assay,1,361,714.0,361
sci-RNA-A-010.TCTCTCATCC,Human,A549_0h,co_assay,0,493,1148.0,493
sci-RNA-A-084.CCTAAGCGGT,Human,A549_0h,co_assay,0,670,1775.0,670
sci-RNA-B-029.ACGATAGACT,Human,A549_3h,co_assay,3,648,1446.0,648
sci-RNA-C-068.GACCAATGCG,Human,A549_0h,co_assay,0,649,1387.0,649
sci-RNA-B-054.CGTCTATGAA,Human,A549_1h,co_assay,1,920,2056.0,920
sci-RNA-E-028.GGCGGTTGAC,Human,A549_3h,co_assay,3,528,1199.0,528
sci-RNA-E-080.GGCGGTTGAC,Human,A549_3h,co_assay,3,469,1047.0,469
sci-RNA-D-026.TAGAATAGCC,Human,A549_1h,co_assay,1,394,768.0,394
sci-RNA-C-072.CGTATTGAGA,Human,A549_3h,co_assay,3,350,728.0,350
sci-RNA-A-022.CTTCATTAGA,Human,A549_0h,co_assay,0,775,1965.0,775
sci-RNA-A-043.GACCAATGCG,Human,A549_0h,co_assay,0,466,1112.0,466
sci-RNA-D-084.GGCTATTCGA,Human,A549_3h,co_assay,3,802,1792.0,802
sci-RNA-E-064.ATATGCCATC,Human,A549_3h,co_assay,3,1283,3024.0,1283
sci-RNA-B-009.ACGTTGAATG,Human,A549_0h,co_assay,0,823,1908.0,823
sci-RNA-A-007.GCGGCCAATC,Human,A549_3h,co_assay,3,426,1005.0,426
sci-RNA-E-034.ACTCGACGCC,Human,A549_0h,co_assay,0,668,1518.0,668
sci-RNA-C-062.CGTATTGAGA,Human,A549_3h,co_assay,3,912,1959.0,912
sci-RNA-E-065.TTCTATAGAG,Human,A549_1h,co_assay,1,306,613.0,306
sci-RNA-D-091.TGAGACTCTA,Human,A549_3h,co_assay,3,950,2069.0,950
sci-RNA-D-020.ATATGCCATC,Human,A549_3h,co_assay,3,494,1048.0,494
sci-RNA-A-001.TCTCTCATCC,Human,A549_0h,co_assay,0,301,698.0,301
sci-RNA-C-076.TTCGCTGCCT,Human,A549_1h,co_assay,1,338,698.0,338
sci-RNA-C-031.ACGCGCTCCT,Human,A549_0h,co_assay,0,603,1304.0,603
sci-RNA-D-053.GGCTTCTGGA,Human,A549_1h,co_assay,1,537,1129.0,537
sci-RNA-D-011.GGCTGCCTTA,Human,A549_0h,co_assay,0,824,1847.0,824
sci-RNA-A-002.AAGTACGTTA,Human,A549_3h,co_assay,3,335,774.0,335
sci-RNA-B-026.ACGTTGAATG,Human,A549_0h,co_assay,0,1725,3862.0,1725
sci-RNA-A-054.TTGCAGCATT,Human,A549_1h,co_assay,1,329,758.0,329
sci-RNA-D-044.GCGGAGTCGA,Human,A549_3h,co_assay,3,428,871.0,428
sci-RNA-D-079.GGCGGTTGAC,Human,A549_3h,co_assay,3,318,717.0,318
sci-RNA-C-059.CTCGGAGCAA,Human,A549_3h,co_assay,3,889,1895.0,889
sci-RNA-D-092.ACTCGACGCC,Human,A549_0h,co_assay,0,408,1105.0,408
sci-RNA-A-046.CGTATTGAGA,Human,A549_3h,co_assay,3,466,1177.0,466
sci-RNA-A-049.CGAATCTCCT,Human,A549_3h,co_assay,3,343,647.0,343
sci-RNA-E-075.GGCTGCCTTA,Human,A549_0h,co_assay,0,1752,3870.0,1752
sci-RNA-A-006.AAGCATCCTA,Human,A549_0h,co_assay,0,455,1098.0,455
sci-RNA-E-063.CCAGGCTCTT,Human,A549_1h,co_assay,1,1445,3339.0,1445
sci-RNA-B-016.GCGGTTATTG,Human,A549_0h,co_assay,0,364,935.0,364
sci-RNA-C-095.ACGCGCTCCT,Human,A549_0h,co_assay,0,442,963.0,442
sci-RNA-C-029.CTTCATTAGA,Human,A549_0h,co_assay,0,1655,3781.0,1655
sci-RNA-A-060.CTATTAACCA,Human,A549_1h,co_assay,1,702,1557.0,702
sci-RNA-D-086.GCGGAGTCGA,Human,A549_3h,co_assay,3,375,796.0,375
sci-RNA-E-020.CCTATCATAA,Human,A549_1h,co_assay,1,357,726.0,357
sci-RNA-A-057.AATCGAACTC,Human,A549_1h,co_assay,1,1095,2487.0,1095
sci-RNA-C-058.TTCTCTACTA,Human,A549_1h,co_assay,1,703,1364.0,703
sci-RNA-D-047.GTAGATGCGC,Human,A549_1h,co_assay,1,356,837.0,356
sci-RNA-C-074.TTCTCTACTA,Human,A549_1h,co_assay,1,322,653.0,322
sci-RNA-D-055.ACTGGTAGAT,Human,A549_0h,co_assay,0,478,976.0,478
sci-RNA-E-054.TGAGACTCTA,Human,A549_3h,co_assay,3,1437,3326.0,1437
sci-RNA-B-020.TTCGCTGCCT,Human,A549_1h,co_assay,1,344,689.0,344
sci-RNA-D-058.CTCGGAGCAA,Human,A549_3h,co_assay,3,812,1714.0,812
sci-RNA-D-089.GACCAATGCG,Human,A549_0h,co_assay,0,1132,2451.0,1132
sci-RNA-B-046.CTATTAACCA,Human,A549_1h,co_assay,1,325,702.0,325
sci-RNA-D-053.CCTATCATAA,Human,A549_1h,co_assay,1,347,680.0,347
sci-RNA-D-037.AGCGATCCGC,Human,A549_1h,co_assay,1,523,1167.0,523
sci-RNA-B-015.GGCTATTCGA,Human,A549_3h,co_assay,3,1305,3102.0,1305
sci-RNA-D-019.CTATTAACCA,Human,A549_1h,co_assay,1,581,1174.0,581
sci-RNA-E-062.GCGGAGTCGA,Human,A549_3h,co_assay,3,338,714.0,338
sci-RNA-C-009.ACTGGTAGAT,Human,A549_0h,co_assay,0,729,1636.0,729
sci-RNA-C-009.CGTATTGAGA,Human,A549_3h,co_assay,3,853,1852.0,853
sci-RNA-C-078.ATATGCCATC,Human,A549_3h,co_assay,3,1000,2103.0,1000
sci-RNA-C-029.TCTATCGGTA,Human,A549_3h,co_assay,3,574,1241.0,574
sci-RNA-B-064.TCTCTCATCC,Human,A549_0h,co_assay,0,372,812.0,372
sci-RNA-D-065.GACCAATGCG,Human,A549_0h,co_assay,0,365,772.0,365
sci-RNA-D-030.CTTCATTAGA,Human,A549_0h,co_assay,0,1451,3304.0,1451
sci-RNA-D-077.TGAGACTCTA,Human,A549_3h,co_assay,3,703,1463.0,703
sci-RNA-E-036.GGCGGTTGAC,Human,A549_3h,co_assay,3,832,1911.0,832
sci-RNA-B-062.ACTCGACGCC,Human,A549_0h,co_assay,0,574,1750.0,574
sci-RNA-D-020.TGAGACTCTA,Human,A549_3h,co_assay,3,417,931.0,417
sci-RNA-B-011.TCTATCGGTA,Human,A549_3h,co_assay,3,483,1090.0,483
sci-RNA-B-053.GGCTATTCGA,Human,A549_3h,co_assay,3,2358,5705.0,2358
sci-RNA-D-050.AAGTACGTTA,Human,A549_3h,co_assay,3,696,1557.0,696
sci-RNA-D-073.ACGTTGAATG,Human,A549_0h,co_assay,0,365,773.0,365
sci-RNA-C-032.CTCGGAGCAA,Human,A549_3h,co_assay,3,586,1281.0,586
sci-RNA-E-010.ATATGCCATC,Human,A549_3h,co_assay,3,816,1854.0,816
sci-RNA-C-094.CTCGGAGCAA,Human,A549_3h,co_assay,3,658,1370.0,658
sci-RNA-C-059.ATCTAGGTTC,Human,A549_0h,co_assay,0,761,1609.0,761
sci-RNA-C-069.TCTATCGGTA,Human,A549_3h,co_assay,3,327,735.0,327
sci-RNA-E-063.GGCTCGAGAT,Human,A549_3h,co_assay,3,318,686.0,318
sci-RNA-B-042.GGCTATTCGA,Human,A549_3h,co_assay,3,1594,3763.0,1594
sci-RNA-D-055.GGCTATTCGA,Human,A549_3h,co_assay,3,1396,3016.0,1396
sci-RNA-D-089.CGTCTATGAA,Human,A549_1h,co_assay,1,687,1457.0,687
sci-RNA-D-037.TTGATATGAA,Human,A549_0h,co_assay,0,1512,3224.0,1512
sci-RNA-E-079.ACGATAGACT,Human,A549_3h,co_assay,3,627,1409.0,627
sci-RNA-E-029.TAGCCAGCAA,Human,A549_3h,co_assay,3,315,802.0,315
sci-RNA-B-044.GATTCCGGAA,Human,A549_0h,co_assay,0,394,923.0,394
sci-RNA-E-035.ACGATAGACT,Human,A549_3h,co_assay,3,666,1497.0,666
sci-RNA-D-045.CTGGTTGGTT,Human,A549_0h,co_assay,0,662,1319.0,662
sci-RNA-A-079.TCTCTCATCC,Human,A549_0h,co_assay,0,2329,5321.0,2329
sci-RNA-D-007.CTGAAGAGAC,Human,A549_1h,co_assay,1,587,1241.0,587
sci-RNA-E-006.ACTGGTAGAT,Human,A549_0h,co_assay,0,1634,3742.0,1634
sci-RNA-C-075.ACGGAGAATA,Human,A549_1h,co_assay,1,462,986.0,462
sci-RNA-C-032.TTGATATGAA,Human,A549_0h,co_assay,0,545,1225.0,545
sci-RNA-D-010.CCTATCATAA,Human,A549_1h,co_assay,1,1267,2447.0,1267
sci-RNA-B-034.GGACGACGCA,Human,A549_1h,co_assay,1,853,1873.0,853
sci-RNA-E-086.TGAGACTCTA,Human,A549_3h,co_assay,3,566,1299.0,566
sci-RNA-C-085.GGCGGTTGAC,Human,A549_3h,co_assay,3,451,989.0,451
sci-RNA-E-014.GGCTATTCGA,Human,A549_3h,co_assay,3,1258,2999.0,1258
sci-RNA-E-074.ATATGCCATC,Human,A549_3h,co_assay,3,510,1139.0,510
sci-RNA-A-085.CGAATCTCCT,Human,A549_3h,co_assay,3,344,854.0,344
sci-RNA-D-010.ATATGCCATC,Human,A549_3h,co_assay,3,542,1171.0,542
sci-RNA-E-048.TAGCCAGCAA,Human,A549_3h,co_assay,3,655,1490.0,655
sci-RNA-B-036.GGCGGTTGAC,Human,A549_3h,co_assay,3,840,1994.0,840
sci-RNA-B-005.CCTATCATAA,Human,A549_1h,co_assay,1,797,1612.0,797
sci-RNA-E-059.GGCATCTACC,Human,A549_1h,co_assay,1,694,1499.0,694
sci-RNA-A-051.GATTCCGGAA,Human,A549_0h,co_assay,0,351,803.0,351
sci-RNA-D-008.AGCGATCCGC,Human,A549_1h,co_assay,1,418,910.0,418
sci-RNA-D-054.TGAGACTCTA,Human,A549_3h,co_assay,3,588,1224.0,588
sci-RNA-A-090.GGCTATTCGA,Human,A549_3h,co_assay,3,1447,3609.0,1447
sci-RNA-B-005.GGCTATTCGA,Human,A549_3h,co_assay,3,488,1144.0,488
sci-RNA-D-045.CGTCTATGAA,Human,A549_1h,co_assay,1,859,1818.0,859
sci-RNA-A-051.CGTCTATGAA,Human,A549_1h,co_assay,1,705,1708.0,705
sci-RNA-E-049.CTATTAACCA,Human,A549_1h,co_assay,1,312,626.0,312
sci-RNA-D-082.ACTGGTAGAT,Human,A549_0h,co_assay,0,370,772.0,370
sci-RNA-B-063.ACGTTGAATG,Human,A549_0h,co_assay,0,1368,3467.0,1368
sci-RNA-B-024.ACGCGCTCCT,Human,A549_0h,co_assay,0,588,1302.0,588
sci-RNA-C-020.ACGATAGACT,Human,A549_3h,co_assay,3,368,838.0,368
sci-RNA-A-025.ATATGCCATC,Human,A549_3h,co_assay,3,301,860.0,301
sci-RNA-B-048.CTATTAACCA,Human,A549_1h,co_assay,1,326,735.0,326
sci-RNA-A-093.GGCTTCTGGA,Human,A549_1h,co_assay,1,535,1209.0,535
sci-RNA-E-046.TCCTCTCCGT,Human,A549_3h,co_assay,3,321,706.0,321
sci-RNA-B-055.CGTCTATGAA,Human,A549_1h,co_assay,1,573,1254.0,573
sci-RNA-E-044.GGCTCGAGAT,Human,A549_3h,co_assay,3,651,1478.0,651
sci-RNA-A-044.CGTCTATGAA,Human,A549_1h,co_assay,1,924,2198.0,924
sci-RNA-E-065.CCTAAGCGGT,Human,A549_0h,co_assay,0,844,1986.0,844
sci-RNA-E-028.GCGGTTATTG,Human,A549_0h,co_assay,0,746,1647.0,746
sci-RNA-B-063.CCATCGGACC,Human,A549_0h,co_assay,0,526,1233.0,526
