,Genes
Undifferentiated,"MEIS1, EGR1, MSI2, CD38, CD34, PROM1, EGFL7"
Myeloid GMP-Promono,"MPO, ELANE, CTSG, AZU1"
Myeloid Promono-differentiated,"LYST, LYZ, CEBPD, MNDA, FCER1G, CLEC4A"
Myeloid mono,"FCN1, CD14, C5AR1"
Myeloid cDC,"CLEC10A, FCER1A"
Myeloid pDC,"CLEC4C, PTPRS, IRF8, TCF4, JCHAIN, GZMB"
Ery,"CSF1, KIT, HBB, HBD, GYPA"
Lymphoid Pro B,"CD24, EBF1, MME, VPREB1, PAX5, CD19, CD79A"
Lymphoid B,"MS4A1, BANK1"
Lymphoid Plasma,"MZB1, IGLL5, JCHAIN"
Lymphoid T/CLT,"CD3D, CD3G, IL32, IL7R, TCF7"
Lymphoid CLT/NK,"CD8A, KLRB1, KLRD1, GZMB, NCAM1, CCL5, GZMK"
