,Genes
T cells,"CD3D, CD3E, CD3G, CD2, CD7"
cell cycle,"STMN1, CLSPN, CKS1B, NUF2, ASPM, UBE2T, CENPF, RRM2, DTYMK, SGOL1, CENPE, MAD2L1, CCNA2, CENPU, CCNB1, DHFR, HMMR, MXD3, GMNN, CENPW, MCM7, EZH2, SMC2, CCDC34, CDCA5, H2AFX, ZWINT, CDK1, HELLS, MKI67, TMEM106C, CDKN3, NUSAP1, CCNB2, KIAA0101, PRC1, CENPN, CDT1, AURKB, TOP2A, TK1, BIRC5, TYMS, CDC25B, PCNA, TPX2, UBE2C, ASF1B, GTSE1"
immunoregulation,"NFRSF18, TNFRSF4, TNFRSF9, TNFRSF1B, AC133644.2, CTLA4, TIGIT, ICA1, RHBDD2, MAGEH1, IL2RA, TBC1D4, BATF, IKZF2, FOXP3"
naive/central memory,"SELL, LEF1, SOX4, SC5D, CCR7, TOB1, NOSIP"
CD8/cytotoxic,"CD8A, CD8B, DHRS3, GZMA, GFOD1, IFITM3, PRF1, KLRD1, GZMB, CCL5, NKG7, FGR, CD160, FCER1G, XCL2, XCL1, GNLY, EOMES, CMC1, DTHD1, AOAH, CLIC3, CTSW, KLRF1, KLRC2, KLRC1, PTGDR, MCTP2, CCL3, CCL4, CCL3L3, CCL4L2, MATK, MAPK1, IL2RB"
resident memory,"JUN, KLF6, FOSB, PTGER2, FOS, SYTL3, SPRY1, ANKRD28, GPR171, PDE4D, JAML, IL7R, GLIPR1, CD69, NFKBIA, PPP1R15A, NFKBIZ, TNFAIP3, PTGER4, ANXA1, ID2, ATF3, MGAT4A, AC092580.4, KLRB1, RORA, IL18R1, STAT4, IFNGR1, PFKFB3, GPR65"
T vs ILC,"CD3D, CD3E, CD3G, MS4A1, CD19, SDC1, TNFRSF17, LYZ, HLA-DRs, IL3RA, TPSAB1"
ILC,"CD2, CD7, KLRB1, TYROBP, FCER1G, PTGDR2, IL17RB, IL1RL1, HPGDS, HPGD"
ILC1 including NK,"GZMs, PRF1, IL2RB, IL7R"
ILC3,"KIT (CD117), IL23R, IL1R1, the TFs ID2, RORC, RORA, IL22, CSF2, PTPRC"
PC,"SDC1, CD38, CD27, SSR4, FKBP2, FKBP11, HSP90B1, SEC11C, SDF2L1, DERL3, XBP1, LGALS1"
IgG,CXCR4
IgM and IgA,TNFRSF17
B,"CD19, MS4A1, CD79A, CD79B, BANK1, CD74, HLA-DMA, HLA-DMB, HLA-DOA, HLA-DOB, HLA-DPA1, HLA-DPB1, HLA-DQA1, HLA-DQA2, HLA-DQB1, HLA-DQB2, HLA-DRA, HLA-DRB1, HLA-DRB3, HLA-DRB4, HLA-DRB5"
B naive,"IGHD, FCER2, CD72"
B switched memory,"CD27, IGHG1"
Mast,"TPSAB1, CMA1, KIT"
Epithelial,"PLA2G2A, CLCA1, REG4, S100A14, ITLN1, ELF3, PIGR, EPCAM, REG1B, REG1A, REG3A, FABP1, RBP2, SST, FABP2, SPINK1, FABP6, AGR2, AGR3, CLDN3, CLDN4, DEFA6, DEFA5, SPINK4, ALDOB, LCN2, MUC2, KRT8, KRT18, TSPAN8, OLFM4, GPX2, IFI27, PHGR1, MT1G, CLDN7, KRT19, FXYD3, LGALS4, FCGBP, TFF3, TFF1"
DC,FLT3
DC2,"CD1C, CD1D, CLEC10A, FCER1A, FCGR2B"
DC1,"BATF3, CLEC9A, XCR1, CADM1, CLNK, C1orf54"
Macrophages,"MERTK, CTSC, CTSD, GLUL, PLD3, D14, CD68, FCGR3A, MAFB, CSF1R, DNASE1L3, C1QA, C1QB, C1QC, MRC1, NFKBIA, CCL4L2, CXCL2, CXCL3, CXCL8, SOD2, CCL3, CCL3L3, CCL4"
gut-resident macrophages,"MAFB, CSF1R, DNASE1L3, C1QA, C1QB, C1QC"
inflammatory macrophages,"MRC1, NFKBIA, CCL4L2, CXCL2, CXCL3, CXCL8, SOD2, CCL3, CCL3L3, CCL4"
lymphatic,"LYVE1, CCL21, PECAM1, VWF"
subset of blood endothelial,"ACKR1, SELE, SELP"
Pericytes,"MCAM, CSPG4, RGS5"
smooth muscle,"MCAM, ACTG2, MYH11, DES"
Fibroblasts,"PDGFRA, PDGFRB, PTGDS, LUM, MMP2"
fibroblasts subtype expressed a hallmark activation,"THY1, PDPN, CTHRC1, CHI3L1, IL6, IL11, CXCL2, CXCL8, CXCL1, CXCL5, CCL2, CCL7"
Glial,S100B
