,genes
axl,"ANGPTL4, FSTL3, GPC1, TMSB10, SH3BGRL3, PLAUR, NGFR, SEC14L2, FOSL1, SERPINE1, IGFBP3, TNFRSF12A, GBE1, AXL, PHLDA2, MAP1B, GEM, SLC22A4, TYMP, TREM1, RIN1, S100A4, COL6A2, FAM46A, CITED1, S100A10, UCN2, SPHK1, TRIML2, S100A6, TMEM45A, CDKN1A, UBE2C, ERO1L, SLC16A6, CHI3L1, FN1, S100A16, CRIP1, SLC25A37, LCN2, ENO2, PFKFB4, SLC16A3, DBNDD2, LOXL2, CFB, CADM1, LTBP3, CD109, AIM2, TCN1, STRA6, C9orf89, DDR1, TBC1D8, METTL7B, GADD45A, UPP1, SPATA13, GLRX, PPFIBP1, PMAIP1, COL6A1, JMJD6, CIB1, HPCAL1, MT2A, ZCCHC6, IL8, TRIM47, SESN2, PVRL2, DRAP1, MTHFD2, SDC4, NNMT, PPL, TIMP1, RHOC, GNB2, PDXK, CTNNA1, CD52, SLC2A1, BACH1, ARHGEF2, UBE2J1, CD82, ZYX, P4HA2, PEA15, GLRX2, HAPLN3, RAB36, SOD2, ESYT2, IL18BP, FGFRL1, PLEC"
mitf,"MITF, TYR, PMEL, PLP1, GPR143, MLANA, STX7, IRF4, ERBB3, CDH1, GPNMB, IGSF11, SLC24A5, SLC45A2, RAP2B, ASAH1, MYO10, GRN, DOCK10, ACSL3, SORT1, QPCT, S100B, MYC, LZTS1, GYG2, SDCBP, LOXL4, ETV5, C1orf85, HMCN1, OSTM1, ALDH7A1, FOSB, RAB38, ELOVL2, MLPH, PLK2, CHL1, RDH11, LINC00473, RELL1, C21orf91, SCAMP3, SGK3, ABCB5, SLC7A5, SIRPA, WDR91, PIGS, CYP27A1, TM7SF3, PTPRZ1, CNDP2, CTSK, BNC2, TOB1, CELF2, ROPN1, TMEM98, CTSA, LIMA1, CD99, IGSF8, FDFT1, CPNE3, SLC35B4, EIF3E, TNFRSF14, VAT1, HPS5, CDK2, CAPN3, SUSD5, ADSL, PIGY, PON2, SLC19A1, KLF6, MAGED1, ERGIC3, PIR, SLC25A5, JUN, ARPC1B, SLC19A2, AKR7A2, HPGD, TBC1D7, TFAP2A, PTPLAD1, SNCA, GNPTAB, DNAJA4, APOE, MTMR2, ATP6V1B2, C16orf62, EXOSC4, STAM"
cell-cycle,"TYMS, TK1, UBE2T, CKS1B, MCM5, UBE2C, PCNA, MAD2L1, ZWINT, MCM4, GMNN, MCM7, NUSAP1, FEN1, CDK1, BIRC5, KIAA0101, PTTG1, CENPM, KPNA2, CDC20, GINS2, ASF1B, RRM2, MLF1IP, KIF22, CDC45, CDC6, FANCI, HMGB2, TUBA1B, RRM1, CDKN3, WDR34, DTL, CCNB1, AURKB, MCM2, CKS2, PBK, TPX2, RPL39L, SNRNP25, TUBG1, RNASEH2A, TOP2A, DTYMK, RFC3, CENPF, NUF2, BUB1, H2AFZ, NUDT1, SMC4, ANLN, RFC4, RACGAP1, KIFC1, TUBB6, ORC6, CENPW, CCNA2, EZH2, NASP, DEK, TMPO, DSN1, DHFR, KIF2C, TCF19, HAT1, VRK1, SDF2L1, PHF19, SHCBP1, SAE1, CDCA5, OIP5, RANBP1, LMNB1, TROAP, RFC5, DNMT1, MSH2, MND1, TIMELESS, HMGB1, ZWILCH, ASPM, ANP32E, POLA2, FABP5, TMEM194A"
melanoma,"MIA, TYR, SLC45A2, CDH19, PMEL, SLC24A5, MAGEA6, GJB1, PLP1, PRAME, CAPN3, ERBB3, GPM6B, S100B, FXYD3, PAX3, S100A1, MLANA, SLC26A2, GPR143, CSPG4, SOX10, MLPH, LOXL4, PLEKHB1, RAB38, QPCT, BIRC7, MFI2, LINC00473, SEMA3B, SERPINA3, PIR, MITF, ST6GALNAC2, ROPN1B, CDH1, ABCB5, QDPR, SERPINE2, ATP1A1, ST3GAL4, CDK2, ACSL3, NT5DC3, IGSF8, MBP"
b,"CD19, CD79A, CD79B, BLK, MS4A1, BANK1, IGLL3P, FCRL1, PAX5, CLEC17A, CD22, BCL11A, VPREB3, HLA-DOB, STAP1, FAM129C, TLR10, RALGPS2, AFF3, POU2AF1, CXCR5, PLCG2, HVCN1, CCR6, P2RX5, BLNK, KIAA0226L, POU2F2, IRF8, FCRLA, CD37"
t,"CD2, CD3D, CD3E, CD3G, CD8A, SIRPG, TIGIT, GZMK, ITK, SH2D1A, CD247, PRF1, NKG7, IL2RB, SH2D2A, KLRK1, ZAP70, CD7, CST7, LAT, PYHIN1, SLA2, STAT4, CD6, CCL5, CD96, TC2N, FYN, LCK, TCF7, TOX, IL32, SPOCK2, SKAP1, CD28, CBLB, APOBEC3G, PRDM1"
macro,"CD163, CD14, CSF1R, C1QC, VSIG4, C1QA, FCER1G, F13A1, TYROBP, MSR1, C1QB, MS4A4A, FPR1, S100A9, IGSF6, LILRB4, FPR3, SIGLEC1, LILRA1, LYZ, HK3, SLC11A1, CSF3R, CD300E, PILRA, FCGR3A, AIF1, SIGLEC9, FCGR1C, OLR1, TLR2, LILRB2, C5AR1, FCGR1A, MS4A6A, C3AR1, HCK, IL4I1, LST1, LILRA5, CSTA, IFI30, CD68, TBXAS1, FCGR1B, LILRA6, CXCL16, NCF2, RAB20, MS4A7, NLRP3, LRRC25, ADAP2, SPP1, CCR1, TNFSF13, RASSF4, SERPINA1, MAFB, IL18, FGL2, SIRPB1, CLEC4A, MNDA, FCGR2A, CLEC7A, SLAMF8, SLC7A7, ITGAX, BCL2A1, PLAUR, SLCO2B1, PLBD1, APOC1, RNF144B, SLC31A2, PTAFR, NINJ1, ITGAM, CPVL, PLIN2, C1orf162, FTL, LIPA, CD86, GLUL, FGR, GK, TYMP, GPX1, NPL, ACSL1"
endo,"PECAM1, VWF, CDH5, CLDN5, PLVAP, ECSCR, SLCO2A1, CCL14, MMRN1, MYCT1, KDR, TM4SF18, TIE1, ERG, FABP4, SDPR, HYAL2, FLT4, EGFL7, ESAM, CXorf36, TEK, TSPAN18, EMCN, MMRN2, ELTD1, PDE2A, NOS3, ROBO4, APOLD1, PTPRB, RHOJ, RAMP2, GPR116, F2RL3, JUP, CCBP2, GPR146, RGS16, TSPAN7, RAMP3, PLA2G4C, TGM2, LDB2, PRCP, ID1, SMAD1, AFAP1L1, ELK3, ANGPT2, LYVE1, ARHGAP29, IL3RA, ADCY4, TFPI, TNFAIP1, SYT15, DYSF, PODXL, SEMA3A, DOCK9, F8, NPDC1, TSPAN15, CD34, THBD, ITGB4, RASA4, COL4A1, ECE1, GFOD2, EFNA1, PVRL2, GNG11, HERC2P2, MALL, HERC2P9, PPM1F, PKP4, LIMS3, CD9, RAI14, ZNF521, RGL2, HSPG2, TGFBR2, RBP1, FXYD6, MATN2, S1PR1, PIEZO1, PDGFA, ADAM15, HAPLN3, APP"
caf,"FAP, THY1, DCN, COL1A1, COL1A2, COL6A1, COL6A2, COL6A3, CXCL14, LUM, COL3A1, DPT, ISLR, PODN, CD248, FGF7, MXRA8, PDGFRL, COL14A1, MFAP5, MEG3, SULF1, AOX1, SVEP1, LPAR1, PDGFRB, TAGLN, IGFBP6, FBLN1, CA12, SPOCK1, TPM2, THBS2, FBLN5, TMEM119, ADAM33, PRRX1, PCOLCE, IGF2, GFPT2, PDGFRA, CRISPLD2, CPE, F3, MFAP4, C1S, PTGIS, LOX, CYP1B1, CLDN11, SERPINF1, OLFML3, COL5A2, ACTA2, MSC, VASN, ABI3BP, C1R, ANTXR1, MGST1, C3, PALLD, FBN1, CPXM1, CYBRD1, IGFBP5, PRELP, PAPSS2, MMP2, CKAP4, CCDC80, ADAMTS2, TPM1, PCSK5, ELN, CXCL12, OLFML2B, PLAC9, RCN3, LTBP2, NID2, SCARA3, AMOTL2, TPST1, MIR100HG, CTGF, RARRES2, FHL2"
exhaustion-consistent,"CXCL13, TNFRSF1B, RGS2, TIGIT, CD27, TNFRSF9, SLA, RNF19A, INPP5F, XCL2, HLA-DMA, FAM3C, UQCRC1, WARS, EIF3L, KCNK5, TMBIM6, CD200, ZC3H7A, SH2D1A, ATP1B3, MYO7A, THADA, PARK7, EGR2, FDFT1, CRTAM, IFI16"
exhaustion_variable,"GMNN, AFG3L1P, CSRP1, RBM5, AP1M1, NUCB2, NOP10, GFM1, DHRS7, SSU72, SBDS, ATP6V1B2, VAPA, CSNK2A1, LINC00339, MRPL4, PPP1R2, SMG1, OIP5-AS1, LPAR2, LSMD1, STAG3L4, P4HB, SKP1, PTBP1, TSTA3, TBCB, SMC5, KLHDC2, MPV17, RBPJ, POP5, PPAPDC1B, IMP3, RNPS1, NFE2L2, SOD1, CD8B, PTPN6, HSPA1B, CD2BP2, ALDOA, ZFP36L1, HSPB1, HSPA6, ARHGEF1, LUC7L3, GPR174, ENTPD1, RASSF5, IPCEF1, ARNT, NAB1, APLP2, PRKCH, SEMA4A, PPP1CC, LAG3, HSPA1A, SNAP47, CCL4L2, ARID4B, LYST, NMB, LIMS1, ITK, RILPL2, RGS3, TRAT1, ELF1, OSBPL3, BIRC3, PTGER4, SERINC3, MED7, DDX3X, THEM6, P4HA1, HIBCH, VCAM1, FABP5, NOL7, SEC14L1, UBA2, CDCA4, ATP5I, ALKBH3, DND1, RNF185, AFAP1L2, GLOD4, PIP5K1A, ATF4, PIGO, OPA1, CCT3, EXOSC6, KIAA1429, NDFIP2, TMEM222, MYO1G, LBR, EXT2, SARDH, POLR2I, HNRNPD, NAAA, ARID5A, PDRG1, BCAP31, UQCRFS1, SNRNP40, ASB8, MRPL52, TUG1, CCND2, NAA20, HLA-DPA1, TOX, TMEM205, TPI1, HADHA, STAT3, GMDS, SIRPG, ITM2A, TBC1D4, HNRNPM, ASB2, IGFLR1, CD2, COTL1, PBRM1, DUT, LMF2, TAF15, H2AFY, CEP57, AMDHD2, SERINC1, CKS2, PTPN11, DDX3Y, IRF9, FYN, HSPD1, FPGS, CCT2, GNAS, FAIM3, ETV1, BCL6, SLC38A1, PDE7B, STAT1, EIF3H, EID1, ID3, PSAP, DPP7, PJA2, TARDBP, SRSF1, GABPB1, RGS4, SPTAN1, NFATC1, HAVCR2, PDCD1, SRSF4, GFOD1, MRPS21, AP3S1, GPBP1, BTLA, PAM, CBLB, ATHL1, MGEA5, IRF4, UBE2F, SFXN1, DGKH, FCRL3, PYHIN1, EIF1B, RAPGEF6, SNX9, IL6ST, PTPN7, CREM, HNRPLL, FUT8, LITAF, TSC22D1, TRAF5, ATP6V0B, SRSF6, ELMO1, IRF8, TAGAP, CADM1, SPRY2, CTLA4, ANKRD10, KLRK1, TP53INP1, NR4A2, ZNF292, MIF4GD, ING3, SQSTM1, CLK4, NCBP2, SET, PSME3, IQCB1, RGCC, C20orf111, MPP1, CALR, TMEM160, SRGN, EWSR1, EZR, FTSJ3, LRMP, GBP2, MPG, RELA, KLHDC4, PMS2P1, CWF19L1, AP2S1, RAE1, TRIP12, PDZD11, SPG21, RRM1, SUB1, RAB11FIP1, USO1, NIPSNAP3A, ANAPC13, AEN, SF3B4, CAV1, PSPC1, TFRC, WDR48, INO80C, NOP58, NFAT5, LBH, LMAN2, ACOT9, BRAP, SLC7A5, CCT5, NAT10, YBX1, IMPDH2, PPM1B, BANF1, PLEKHO2, HSPBP1, JTB, SRA1, METTL9, SLC44A2, MYCBP, KIAA0101"
