,Genes
Cell Cycle - G1/S,"HIST1H4C, CLSPN, ATAD2, E2F1, HELLS, RRM2, HIST2H2AC, HIST1H1E, FAM111A, GINS2, CENPU, CDCA5, ASF1B, CHAF1A, TCF19, HIST1H1D, KIAA0101, FEN1, HIST1H1B, PCNA, FBXO5, HIST1H1C, CDCA4, MYBL2, PKMYT1, FAM111B, USP1, CDC6, EZH2, PSMC3IP, GMNN, HMGB2, ORC6, TYMS, DNAJC9, CDK1, UBE2T, SLBP, BRCA1, C21orf58, CDT1, ESCO2, TEX30, ATAD5, CCNE1, RAD51AP1"
Cell Cycle - G2/M,"AURKA, CENPF, PLK1, TOP2A, UBE2C, ASPM, TPX2, CENPA, CKAP2, GTSE1, CCNB1, ARL6IP1, MKI67, CENPE, CKS2, HMMR, DEPDC1, NUSAP1, PRC1, SGOL2, CCNA2, KPNA2, CDCA8, HMGB2, NUF2, KNSTRN, CDCA3, CEP55, KIF20B, FAM83D, PIF1, CDC20, DLGAP5, KIF2C, PRR11, ARHGAP11A, KIF23, AURKB, CDK1, KIF14, FAM64A, CCNB2, PSRC1, NEK2, CDCA2, BIRC5, TACC3, CKAP2L, HJURP, KIF4A, UBALD2, CDC25B, RACGAP1, SGOL1, ECT2, CCNF, UBE2S, ANLN, CDKN3, DBF4, G2E3, PBK"
Skin Pigmentation,"PHACTR1, DCT, MITF, CHCHD6, MBP, GDF15, MLANA, TBC1D7, TNFRSF14, TRPM1, ASAH1, CAPN3, LINC00518, BIRC7, FXYD3, GPNMB, GPR137B, LGALS3, MXI1, NOV, PMEL, TBC1D16, WIPI1, GYPC, ISG20, PLP1, APOE, AVPI1, C11orf96, DAB2, FAM210B, GJB1, GPR56, HES6, NBL1, RAB27A, RAB38, RAB5B, RRAGD, S100B, SEMA6A, SH3BP5, STX7, TIMP2, TRIM2, ZFYVE16, ZNF106"
EMT I,"DKK1, PMEPA1, C12orf75, CYR61, IL8, SORBS2, THBS1, TPST1, CAV1, KRT7, LIMA1, LIMCH1, MAP1B, MGLL, MXD4, PRSS23, RRAS, S100A16, TPM1, CCND1, CTGF, DDIT4, FN1, FOSL1, HOXB2, IER3, KRT81, NT5E, PLAUR, PPFIBP1, PTRF, RND3, S100A4, SMURF2, TGFBI, TNFRSF12A, TSC22D1, AC093673.5, ACTG2, CAV2, CCDC107, CD82, CDKN1A, CEBPD, CSRP1, CXCL1, DCBLD2, EVA1A, FAM20C, FHL2, FLNB, FRMD6, GLIPR1, HEBP2, HPCAL1, ITGA3, KDELR3, KRT18, LINC00152, MIR4435-1HG, MYL9, MYLK, NGFR, NME3, NNMT, PDLIM7, PEG10, PNRC1, PRKCDBP, PRNP, PTGES, S100A2, SERPINE2, SFRP1, SPRY2, TGM2, TIMP3, USP53, ZNF655"
EMT II,"MYL9, SERPINE1, THBS1, FN1, IL32, LAMC2, MYH9, TAGLN, CLIC3, COL5A1, IGFBP3, INHBA, PMEPA1, CDC42EP3, CST6, CYR61, GLIPR1, TPM1, VIM, AKAP12, AXL, EDN1, FLNA, FST, FSTL1, IGFBP7, PRSS23, PTPRF"
IFN Response,"ISG20, IFIT3, ISG15, OASL, IFIT1, IFIT2, IFI44, PMAIP1, RARRES3, ZC3HAV1, HERC5, SAMD9, WARS, IGFBP6, SAMD9L, CCL5, IFI6, APOL2, HES4, IFIH1, IRF1, PARP14, PSMB9, ZNFX1, HLA-B, IL7R, APOL6, B4GALT5, DDX58, DDX60, FAM46A, JUNB, KLF4, PLAUR, RSAD2, SAR1A, SDC4, SQRDL, ZFP36L2, APOL1, C15orf48, CDKN1A, FGF2, GRB10, HIP1R, IL6, TNIP1, UBE2L6, USP18"
EMT III,"LAMA3, LAMB3, LAMC2, CDKN1A, FAM83A, ITGA2, PLAU, C15orf48, JUP, MAST4, RHOD, SERPINB1, SERPINE1, AHNAK2, COL17A1, DMKN, ELK3, F3, G0S2, IL32, INHBA, LRRC8A, NDRG1, NEAT1, S100A14, SLPI, TSPAN1, CDA, CDH1, CDH3, CST6, DHRS9, EPCAM, FN1, FXYD3, HBEGF, KLK10, LCN2, LSR, POLD4, PTGS2, SEMA3C, SERPINB2, SLFN5, SMIM22, SOX4, SRCAP, VAMP8, WFDC2"
p53-Dependent Senescence ,"CDKN1A, NEAT1, POLD4, MXD4, MMP24-AS1, PNRC1, HIST1H2BK, SLPI, TP53TG1, IFI27L2, IGBP1, AHNAK2, FDXR, GPRC5A, IFI27, ISG15, KRT19, S100P, TP53I3"
Epithelial Senescence,"SLPI, LCN2, ELF3, S100A9, S100P, SAA1, C15orf48, SPRR1B, AQP3, LY6D, ASS1, CLDN4, FXYD3, KRT15, S100A14, S100A8, SERPINB1, AGR2, CXCL1, KRT13, KRT16, ADIRF, C9orf169, CD9, CTSD, GSN, MMP7, NEAT1, PI3, PSCA, RARRES3, SAA2, SAMD9, SAT1, SNCG, TACSTD2, TNFAIP2, WFDC2"
Stress Response,"DDIT3, SNHG12, SLC3A2, PPP1R15A, GADD45B, GADD45A, RSRC2, TXNIP, ATF3, TAF1D, TRIB3, ASNS, EPB41L4A-AS1, KLF10, SNHG15, PDRG1, CARS, SNAPC1, CCNL1, SQSTM1, TSC22D1, DDIT4, XBP1, HERPUD1, IER2, NFKBIA, RAE1, JUN, RELB, BTG1, IRF1, ZNF622, HIST1H2AC, OSER1, SERTAD1, SNHG8"
Protein Maturation,"HSPA5, RPN2, SLC3A2, PDIA3, LGALS3BP, MCM7, XRCC6, EPRS, VCP, COPB2, EIF4A3, KPNA2, OS9, PRKCSH, UBC, ANXA1, APP, CYR61, HSPA1A, HSPA8, LAPTM4A, NDUFS2, PGK1, APLP2, ATP6AP2, CTSL, GRN, LAMB3, LAMP1, MAGED2, NASP, POLR2B, SDHA, SON"
Proteasomal Degradation,"PSMA3, PSMC4, PRDX1, PSMC2, EIF4A3, MDH1, PSMA4, ANXA1, MRPL13, PGK1, DCAF13, PSME2, PRMT1, PSMB3, CCT8, SSBP1, CCNB1, CDC123, DPM1, NDUFS2, PDHA1, LAPTM4A, PSMB1, PCMT1, PSMB6, NDUFA9, POLR2G, CCT5, RTCB, HSPA5, DDX39A, MCTS1, SNRPB2, XRCC6, PSMD13, EIF3I, SSB, NUP37, ILF2, EIF4A1, FH, IMPDH2, CCT7, MAGOH, RBM42, SLC3A2"
