,Genes
GBM.MES2_orig,"HILPDA, ADM, DDIT3, NDRG1, HERPUD1, DNAJB9, TRIB3, ENO2, AKAP12, SQSTM1, MT1X, ATF3, NAMPT, NRN1, SLC2A1, BNIP3, LGALS3, INSIG2, IGFBP3, PPP1R15A, VIM, PLOD2, GBE1, SLC2A3, FTL, WARS, ERO1L, XPOT, HSPA5, GDF15, ANXA2, EPAS1, LDHA, P4HA1, SERTAD1, PFKP, PGK1, EGLN3, SLC6A6, CA9, BNIP3L, RPL21, TRAM1, UFM1, ASNS, GOLT1B, ANGPTL4, SLC39A14, CDKN1A, HSPA9"
GBM.MES1_orig,"CHI3L1, ANXA2, ANXA1, CD44, VIM, MT2A, C1S, NAMPT, EFEMP1, C1R, SOD2, IFITM3, TIMP1, SPP1, A2M, S100A11, MT1X, S100A10, FN1, LGALS1, S100A16, CLIC1, MGST1, RCAN1, TAGLN2, NPC2, SERPING1, C8orf4, EMP1, APOE, CTSB, C3, LGALS3, MT1E, EMP3, SERPINA3, ACTN1, PRDX6, IGFBP7, SERPINE1, PLP2, MGP, CLIC4, GFPT2, GSN, NNMT, TUBA1C, GJA1, TNFRSF1A, WWTR1"
GBM.AC_orig,"CST3, S100B, SLC1A3, HEPN1, HOPX, MT3, SPARCL1, MLC1, GFAP, FABP7, BCAN, PON2, METTL7B, SPARC, GATM, RAMP1, PMP2, AQP4, DBI, EDNRB, PTPRZ1, CLU, PMP22, ATP1A2, S100A16, HEY1, PCDHGC3, TTYH1, NDRG2, PRCP, ATP1B2, AGT, PLTP, GPM6B, F3, RAB31, PPAP2B, ANXA5, TSPAN7"
GBM.OPC_orig,"BCAN, PLP1, GPR17, FIBIN, LHFPL3, OLIG1, PSAT1, SCRG1, OMG, APOD, SIRT2, TNR, THY1, PHYHIPL, SOX2-OT, NKAIN4, LPPR1, PTPRZ1, VCAN, DBI, PMP2, CNP, TNS3, LIMA1, CA10, PCDHGC3, CNTN1, SCD5, P2RX7, CADM2, TTYH1, FGF12, TMEM206, NEU4, FXYD6, RNF13, RTKN, GPM6B, LMF1, ALCAM, PGRMC1, HRASLS, BCAS1, RAB31, PLLP, FABP5, NLGN3, SERINC5, EPB41L2, GPR37L1"
GBM.NPC1_orig,"DLL3, DLL1, SOX4, TUBB3, HES6, TAGLN3, NEU4, MARCKSL1, CD24, STMN1, TCF12, BEX1, OLIG1, MAP2, FXYD6, PTPRS, MLLT11, NPPA, BCAN, MEST, ASCL1, BTG2, DCX, NXPH1, HN1, PFN2, SCG3, MYT1, CHD7, GPR56, TUBA1A, PCBP4, ETV1, SHD, TNR, AMOTL2, DBN1, HIP1, ABAT, ELAVL4, LMF1, GRIK2, SERINC5, TSPAN13, ELMO1, GLCCI1, SEZ6L, LRRN1, SEZ6, SOX11"
GBM.NPC2_orig,"STMN2, CD24, RND3, HMP19, TUBB3, MIAT, DCX, NSG1, ELAVL4, MLLT11, DLX6-AS1, SOX11, NREP, FNBP1L, TAGLN3, STMN4, DLX5, SOX4, MAP1B, RBFOX2, IGFBPL1, STMN1, HN1, TMEM161B-AS1, DPYSL3, 2003-09-01 00:00:00, PKIA, ATP1B1, DYNC1I1, CD200, SNAP25, PAK3, NDRG4, KIF5A, UCHL1, ENO2, KIF5C, DDAH2, TUBB2A, LBH, LOC150568, TCF4, GNG3, NFIB, DPYSL5, CRABP1, DBN1, NFIX, CEP170, BLCAP"
HNSCC.PEMT_orig,"SERPINE1, TGFBI, MMP10, LAMC2, P4HA2, PDPN, ITGA5, LAMA3, CDH13, TNC, MMP2, EMP3, INHBA, LAMB3, VIM, SEMA3C, PRKCDBP, ANXA5, DHRS7, ITGB1, ACTN1, CXCR7, ITGB6, IGFBP7, THBS1, PTHLH, TNFRSF6B, PDLIM7, CAV1, DKK3, COL17A1, LTBP1, COL5A2, COL1A1, FHL2, TIMP3, PLAU, LGALS1, PSMD2, CD63, HERPUD1, TPM1, SLC39A14, C1S, MMP1, EXT2, COL4A2, PRSS23, SLC7A8, SLC31A2, ARPC1B, APP, MFAP2, MPZL1, DFNA5, MT2A, MAGED2, ITGA6, FSTL1, TNFRSF12A, IL32, COPB2, PTK7, OCIAD2, TAX1BP3, SEC13, SERPINH1, TPM4, MYH9, ANXA8L1, PLOD2, GALNT2, LEPREL1, MAGED1, SLC38A5, FSTL3, CD99, F3, PSAP, NMRK1, FKBP9, DSG2, ECM1, HTRA1, SERINC1, CALU, TPST1, PLOD3, IGFBP3, FRMD6, CXCL14, SERPINE2, RABAC1, TMED9, NAGK, BMP1, ESYT1, STON2, TAGLN, GJA1"
HNSCC.Epidif.1_orig,"IL1RN, SLPI, CLDN4, S100A9, SPRR1B, PVRL4, RHCG, SDCBP2, S100A8, APOBEC3A, GRHL1, SULT2B1, ELF3, KRT16, PRSS8, MXD1, S100A7, KRT6B, LYPD3, TACSTD2, CDKN1A, KLK11, GPRC5A, KLK10, TMBIM1, PLAUR, CLDN7, DUOXA1, PDZK1IP1, NCCRP1, IDS, PPL, ZNF750, EMP1, CLDN1, CRB3, CYB5R1, DSC2, S100P, GRHL3, SPINT1, SDR16C5, SPRR1A, WBP2, GRB7, KLK7, TMEM79, SBSN, PIM1, CLIC3, MALAT1, TRIP10, CAST, TMPRSS4, TOM1, A2ML1, MBOAT2, LGALS3, ERO1L, EHF, LCN2, YPEL5, ALDH3B2, DMKN, PIK3IP1, CEACAM6, OVOL1, TMPRSS11E, CD55, KLK6, SPRR2D, NDRG2, CD24, HIST1H1C, LY6D, CLIP1, HIST1H2AC, BNIPL, QSOX1, ECM1, DHRS3, PPP1R15A, TRIM16, AQP3, IRF6, CSTA, RAB25, HOPX, GIPC1, RAB11FIP1, CSTB, KRT6C, PKP1, JUP, MAFF, DSG3, AKTIP, KLF3, HSPB8, H1F0"
HNSCC.Epidif.2_orig,"LY6D, KRT16, KRT6B, LYPD3, KRT6C, TYMP, FABP5, SCO2, FGFBP1, JUP, IMP4, DSC2, TMBIM1, KRT14, C1QBP, SFN, S100A14, RAB38, GJB5, MRPL14, TRIM29, ANXA8L2, KRT6A, PDHB, AKR1B10, LAD1, DSG3, MRPL21, NDUFS7, PSMD6, AHCY, GBP2, TXN2, PSMD13, NOP16, EIF4EBP1, MRPL12, HSD17B10, LGALS7B, THBD, EXOSC4, APRT, ANXA8L1, ATP5G1, S100A2, TBRG4, MAL2, NHP2L1, DDX39A, ZNF750, UBE2L6, WDR74, PPIF, PRMT5, VSNL1, VPS25, SNRNP40, ADRM1, NDUFS8, TUBA1C, TMEM79, UQCRFS1, EIF3K, NME2, PKP3, SERPINB1, RPL26L1, EIF6, DSP, PHLDA2, S100A16, LGALS7, MT1X, UQCRC2, EIF3I, MRPL24, CCT7, RHOV, ECE2, SSBP1, POLDIP2, FIS1, CKMT1A, GJB3, NME1, MRPS12, GPS1, ALG3, MRPL20, EMC6, SRD5A1, PA2G4, ECSIT, MRPL23, NAA20, HMOX2, COA4, DCXR, PSMD8, WBSCR22"
HNSCC.Stress_orig,"FOS, ATF3, NR4A1, DUSP1, ZFP36, PPP1R15A, SGK1, EGR1, ZC3H12A, JUNB, FOSB, IER2, NFKBIA, NFKBIZ, HBEGF, BTG2, SOD2, CDKN1A, NCOA7, JUN, MYC, SERTAD1, CCNL1, RND3, PLK2, SOCS3, DNAJB1, DUSP2, TSC22D1, KLF10, GADD45B, PMAIP1, MAFF, ERRFI1, SLC38A2, IRF1, TOB1, ID2, KLF6, DNAJA1, TNFAIP3, BHLHE40, NXF1, FOSL1, IER3, DUSP6, HCAR2, IL8, CYR61, EFNA1, C1R, PHLDA2, DNAJB14, MCL1, HERPUD1, ADRB2, EIF4A3, TACSTD2, ID1, ETS2, CD74, TRIB1, SLC20A1, LOC284454, EIF1, CXCL2, BRD2, RASD1, LDLR, EGR2, TFRC, ADM, TGIF1, HLA-DRB1, OSR2, SAA1, ELF3, CLK1, PER2, KLF4, GPNMB, MXD1, UBC, HLA-DRA, SLC3A2, OVOL1, HIST1H2BK, DDX3X, LAMB3, ZNF622, TUBB2A, ZFAND5, IRF6, TNF, BTG1, LMNA, MAP1LC3B, TSC22D3, PLK3, KLHL21"
HNSCC.Hypoxia_orig,"NDRG1, IGFBP3, PTHLH, EGLN3, BNIP3, NDUFA4L2, ERO1L, P4HA1, SLC2A1, ENO2, HK2, PGF, LDHA, PGK1, PDK1, DHRS3, DDIT4, PVRL4, GPNMB, BIK, GJB6, C4orf3, IGFBP2, FAM162A, GPI, LPIN3, PLAU, ADM, ANGPTL4, DARS, NUPR1, SERPINE1, PGAM1, ALDOA, DAAM1, CXADR, SEMA4B, CA9, CIB1, SPRR1B, PLIN2, WSB1, HILPDA, NOL3, PFKFB3, IFNGR1, H1F0, KDM3A, BCL6, BNIP3L, ZFP36L1, HLA-E, PIK3IP1, CLK3, POLR1D, BTG1, NPC2, LAMP2, DSG2, SAT1, AK4, SMS, FRMD6, CLDND1, ACP5, AP1G2, TPI1, PLAUR, BCL10, TMEM59, HAS3, SERINC1, C1orf43, ENO1, CSDA, PFKP, KLHL24, HIST1H1C, RBPJ, BHLHE40, GAPDH, UPK3BL, LTBP1, P4HA2, HBP1, GRHL1, DDIT3, ANXA1, ITGA5, LOC100862671, PLS3, TSC22D2, GLTP, PLOD2, PERP, MALL, CTNND1, KDM5B, AHNAK2, PNRC1"
melanoma.MITF_orig,"MITF, TYR, PMEL, PLP1, GPR143, MLANA, STX7, IRF4, ERBB3, CDH1, GPNMB, IGSF11, SLC24A5, SLC45A2, RAP2B, ASAH1, MYO10, GRN, DOCK10, ACSL3, SORT1, QPCT, S100B, MYC, LZTS1, GYG2, SDCBP, LOXL4, ETV5, C1orf85, HMCN1, OSTM1, ALDH7A1, FOSB, RAB38, ELOVL2, MLPH, PLK2, CHL1, RDH11, LINC00473, RELL1, C21orf91, SCAMP3, SGK3, ABCB5, SLC7A5, SIRPA, WDR91, PIGS, CYP27A1, TM7SF3, PTPRZ1, CNDP2, CTSK, BNC2, TOB1, CELF2, ROPN1, TMEM98, CTSA, LIMA1, CD99, IGSF8, FDFT1, CPNE3, SLC35B4, EIF3E, TNFRSF14, VAT1, HPS5, CDK2, CAPN3, SUSD5, ADSL, PIGY, PON2, SLC19A1, KLF6, MAGED1, ERGIC3, PIR, SLC25A5, JUN, ARPC1B, SLC19A2, AKR7A2, HPGD, TBC1D7, TFAP2A, PTPLAD1, SNCA, GNPTAB, DNAJA4, APOE, MTMR2, ATP6V1B2, C16orf62, EXOSC4, STAM"
melanoma.AXL_orig,"ANGPTL4, FSTL3, GPC1, TMSB10, SH3BGRL3, PLAUR, NGFR, SEC14L2, FOSL1, SERPINE1, IGFBP3, TNFRSF12A, GBE1, AXL, PHLDA2, MAP1B, GEM, SLC22A4, TYMP, TREM1, RIN1, S100A4, COL6A2, FAM46A, CITED1, S100A10, UCN2, SPHK1, TRIML2, S100A6, TMEM45A, CDKN1A, UBE2C, ERO1L, SLC16A6, CHI3L1, FN1, S100A16, CRIP1, SLC25A37, LCN2, ENO2, PFKFB4, SLC16A3, DBNDD2, LOXL2, CFB, CADM1, LTBP3, CD109, AIM2, TCN1, STRA6, C9orf89, DDR1, TBC1D8, METTL7B, GADD45A, UPP1, SPATA13, GLRX, PPFIBP1, PMAIP1, COL6A1, JMJD6, CIB1, HPCAL1, MT2A, ZCCHC6, IL8, TRIM47, SESN2, PVRL2, DRAP1, MTHFD2, SDC4, NNMT, PPL, TIMP1, RHOC, GNB2, PDXK, CTNNA1, CD52, SLC2A1, BACH1, ARHGEF2, UBE2J1, CD82, ZYX, P4HA2, PEA15, GLRX2, HAPLN3, RAB36, SOD2, ESYT2, IL18BP, FGFRL1, PLEC"
melanoma.Inflammatory_orig,"ATF3, FAM53C, EGR3, NFKBIZ, SOCS3, FOSB, NNMT, SERTAD1, NR4A2, PAGE5, BTG2, KLF4, DNAJB1, EGR2, CHI3L1, NXT2, CDKN1A, SLC2A3, IER3, NDRG1, PMAIP1, NR4A1, MKNK2, PER1, JUNB, TCN1, ERRFI1, NPTN, NUFIP2, SRSF7, FLNB, DNAJB4, MAFF, MCL1, PLEKHO2, CHST11, MAP1LC3B, SOD2, NR4A3, TUBB3, CKS2, DDIT3, BRD2, IER2, PLK3, AHR, TMEM87B, TOB2, EIF4A3, PCOLCE, SRSF3, PPP1R15B, IFRD1, HSPA1B, PAEP, SRSF2, YWHAG, DDX3X, TUBB4B, MTHFD2, MYO18A, SERPINA3, TRA2B, CHRAC1, RBBP6, DNAJA4, RAB40B, ALG13, EGR1, RBM25, PPP1R15A, LRIF1, TOB1, LDHA, H1F0, FOS, UPP1, HNRNPA3, SSH1, CEACAM1, EFNA1, AMD1, DUSP10, PROS1, ATF4, FTH1P3, DHX40, ID2, CSF2RA, CCNL1, SERTAD3, JUN, ACSL1, CCNI, ENO2, GTF2B, NEK6, EIF1B, ETF1, SRPX, GOLGA5, NFE2L3, HSPH1, IL1RAP, TCP1, PLK2, BACE2, SDF4, RCN1, AKIRIN1, CITED1, CIB1, TM4SF1, PELI1, FLOT2, SLC44A3, PJA2, CTSL1, NUCB1, CRELD1, MAF1, NASP, ARL4A, JMJD6, CLIC4, SLC16A3, SLC1A5, TNFRSF21, SURF4, TUBA1C, VDAC1, TNFRSF1A, ERP29, GEM, AAMP, ALX1, IDI1, DNAJA1, NEU1, HNRNPF, KLF10, PGAM1, ENTPD6, C4A, HNRNPA1, TCTN1, CCDC104, HIF1A, MANF, SERPINE1, C15orf57, PTP4A1, NAMPT, TSSC1, VPS4A, ALDOC, NOC2L, TRIB1, ODC1, P4HA1, USP11, LTA4H, HIST2H4A, HIST2H4B, UGDH, TUBB2A, IFNAR2, RAB34, DGCR2, POLDIP2, SPPL2A, SPP1, ADAM9, ARPC4, SLC1A4, HPCAL1, C17orf62, FAM174A, PTTG1, PLEKHB2, ATP6V1D, ADM, LITAF, COPS4, PNRC2, HIAT1, GCSH, NXF1, DDRGK1, PRDX4, KDELR2, PDCD6, ACLY, YPEL5, EFTUD2, BZW2, LGMN, TXNRD1, TATDN1, HMGN4, AHSA1, CLK1, AKR1B1, PPAPDC1B, HMG20B, SLC20A1, PFKP, APOA1BP, RNF185, DNAJB9, SLC25A39, BUD31, PEX10, SUMO3, LRRC41, RBMX, MALSU1, ZNF32, IFI35, LYPLA2, TNFRSF12A, RAP1B, VAMP3, PARL, ORMDL3, SFT2D2, YIPF3, SLC22A18, MAGEA12"
pemt.metaprogram,"LAMB3, LAMC2, TGFBI, LAMA3, PRKCDBP, SERPINE1, TNC, MMP10, MMP2, PDPN, THBS1, COL17A1, CXCR7, DKK3, FSTL3, IGFBP7, INHBA, ITGB6, MMP1, PDLIM7, PTHLH, SLC7A8, VIM, ANXA3, COL5A2, CXCL14, DFNA5, DST, EMP3, F3, GSN, IL32, ITGB1, KLK5, KRT8, LGALS1, LTBP1, NNMT, ODC1, P4HA2, PLAU, SERPINE2, TAGLN, TNFRSF12A, TPM1"
HNSCC.episen_curr,"KRT16, IL1RN, RHCG, CLDN4, KRT6B, KRTDAP, LYPD3, PVRL4, SLPI, SPRR1B, DMKN, DSC2, GRHL1, GRHL3, S100A7, S100A8, SBSN, SULT2B1, C10orf99, CALML5, CDKN1A, CEACAM6, CLDN7, CST6, ELF3, FABP5, KLK6, KRT23, KRT6C, LY6D, NCCRP1, PDZK1IP1, S100A9, S100P, SDCBP2, TGM1, TMEM79, A2ML1, AKR1B10, ALDH1A3, ALDH3B2, APOBEC3A, CALML3, CLDN1, CLIC3, CRABP2, CSTA, CYB5A, DSG1, DSG3, DSP, EMP1, ERO1L, GBP2, GLTP, GPRC5A, HIST2H2AA3, HIST2H2AA4, IDH2, IGFL2, ISG15, IVL, KLK10, KLK11, KLK5, KLK7, KLK9, KRT6A, KRT80, LCN2, MUC20, NDRG2, OVOL1, PI3, PRDM1, PRSS8, RNF39, SDR16C5, SPRR1A, SPRR2A, SPRR2D, THBD, TMEM45A, TMPRSS11E, TSPAN1"
hypoxia_curr,"ADM, BNIP3, NDRG1, P4HA1, DDIT4, ENO2, ERO1L, GBE1, HILPDA, SLC2A1, AK4, ANGPTL4, ANKRD37, BNIP3L, CA9, HK2, IGFBP3, P4HA2, PFKFB3, PGK1, SLC2A3, ALDOC, EGLN3, GEM, INSIG2, ITGA5, KDM3A, NDUFA4L2, NOL3, PDK1, PFKFB4, PGF, PLAUR, PLIN2, PLOD2, TMEM255B, TMEM45A, TNFRSF6B, VEGFA, WSB1"
immune.resp_curr,"CD74, HLA.DRA, HLA.DRB1, LUM, C1R, C1S, CFB, DCN, CHI3L1, COL1A2, CYR61, HLA.DMA, HLA.DPA1, HLA.DRB5, IFITM2, NNMT, SERPING1, ANXA1, AVPI1, C3, CCL20, CFD, COL1A1, COL3A1, CTSK, CXCL2, EFEMP1, FSTL1, HLA.DMB, HLA.DPB1, HLA.DQB1, IFI27, IFI35, IFITM1, LGALS1, LINC00152, MFAP4, PSMB9, RARRES2, S100A4, SERPINF1, SFRP2, SOD2, SPARC, THY1, TIMP1"
HNSCC.melanoma.stress_curr,"ATF3, FOS, IER3, DNAJB1, DUSP1, GADD45B, JUNB, NR4A1, SERTAD1, ZFP36, ADM, CKS2, DDIT3, DNAJB4, EGR1, FOSB, FOSL1, GEM, IER2, IL8, JUN, LOC284454, NFKBIA, NFKBIZ, PLK2, PPP1R15A, SOD2, TNFAIP3, ZC3H12A, ARL4D, BRD2, BTG2, CDKN1A, CTGF, CXCL1, CXCL10, DUSP2, EFNA1, EGR2, EGR3, GDF15, HBEGF, HIST1H2BK, HSPA1B, ICAM1, ID1, IL32, IRF1, MCL1, MFSD2A, NNMT, NR4A2, OVOL1, PLAT, PLK3, PMAIP1, RASD1, RGS2, RND3, SGK1, TOB1, TUBA1A, TUBB4B"
g1.s_curr,"FEN1, GMNN, UBE2T, ZWINT, TYMS, MCM3, MCM4, MCM7, PCNA, RRM1, RRM2, TK1, CDC6, CDK1, DTL, GINS2, MCM2, MCM5, CDC45, CKS1B, RNASEH2A, UHRF1, ASF1B, CENPM, KIAA0101, MAD2L1, MCM6, MELK, RAD51, RFC4, DNAJC9, HMGB2, PKMYT1, RFC5, TCF19, UBE2C, ATAD2, BIRC5, CDCA7, FANCI, MLF1IP, NUSAP1, PRC1, RFC2, UNG, CCNE2, CDC20, CENPW, EXO1, HIST1H4C, KIF22, LIG1, PSMC3IP, STMN1, TPX2"
g2.m_curr,"CCNB1, MAD2L1, PTTG1, CDC20, CDCA3, BUB1, CCNA2, HMGB2, TROAP, BIRC5, CCNB2, CENPF, CKS2, ECT2, KIF20A, KIF2C, NUSAP1, PBK, CDKN3, PRC1, TPX2, ANLN, CDCA8, CENPW, CKS1B, NUF2, PLK1, TK1, TOP2A, TRIP13, UBE2T, ZWINT, DLGAP5, KNSTRN, KPNA2, NCAPD2, SPAG5, STMN1, TACC3, UBE2C, AURKB, KIF23, NEK2, RRM2, ARL6IP1, KIF22, CDK1, DTYMK, HMMR, KIF4A, NDC80, RACGAP1, TUBA1B, APOBEC3B, AURKA, DEPDC1, FAM64A, FOXM1, H2AFZ, HJURP, KIFC1, MELK, CENPA, CEP55, CKAP2, CKAP5, DEPDC1B, RNF26, SGOL2"
